{
    "title": "hirings and departures of police officers, by province and territory, canada, 2017/2018",
    "top_root": {
        "row_index": -1,
        "column_index": -1,
        "children": [
            {
                "row_index": 0,
                "column_index": 1,
                "children": [
                    {
                        "row_index": 1,
                        "column_index": 1,
                        "children": [
                            {
                                "row_index": 2,
                                "column_index": 1,
                                "children": []
                            }
                        ]
                    },
                    {
                        "row_index": 1,
                        "column_index": 2,
                        "children": [
                            {
                                "row_index": 2,
                                "column_index": 2,
                                "children": []
                            }
                        ]
                    },
                    {
                        "row_index": 1,
                        "column_index": 3,
                        "children": []
                    }
                ]
            },
            {
                "row_index": 0,
                "column_index": 4,
                "children": [
                    {
                        "row_index": 1,
                        "column_index": 4,
                        "children": [
                            {
                                "row_index": 2,
                                "column_index": 4,
                                "children": []
                            }
                        ]
                    },
                    {
                        "row_index": 1,
                        "column_index": 5,
                        "children": [
                            {
                                "row_index": 2,
                                "column_index": 5,
                                "children": []
                            }
                        ]
                    },
                    {
                        "row_index": 1,
                        "column_index": 6,
                        "children": []
                    }
                ]
            },
            {
                "row_index": 0,
                "column_index": 7,
                "children": [
                    {
                        "row_index": 2,
                        "column_index": 7,
                        "children": []
                    }
                ]
            },
            {
                "row_index": 0,
                "column_index": 8,
                "children": [
                    {
                        "row_index": 2,
                        "column_index": 8,
                        "children": []
                    }
                ]
            }
        ]
    },
    "left_root": {
        "row_index": -1,
        "column_index": -1,
        "children": [
            {
                "row_index": 3,
                "column_index": 0,
                "children": []
            },
            {
                "row_index": 4,
                "column_index": 0,
                "children": []
            },
            {
                "row_index": 5,
                "column_index": 0,
                "children": []
            },
            {
                "row_index": 6,
                "column_index": 0,
                "children": []
            },
            {
                "row_index": 7,
                "column_index": 0,
                "children": []
            },
            {
                "row_index": 8,
                "column_index": 0,
                "children": []
            },
            {
                "row_index": 9,
                "column_index": 0,
                "children": []
            },
            {
                "row_index": 10,
                "column_index": 0,
                "children": []
            },
            {
                "row_index": 11,
                "column_index": 0,
                "children": []
            },
            {
                "row_index": 12,
                "column_index": 0,
                "children": []
            },
            {
                "row_index": 13,
                "column_index": 0,
                "children": []
            },
            {
                "row_index": 14,
                "column_index": 0,
                "children": []
            },
            {
                "row_index": 15,
                "column_index": 0,
                "children": []
            },
            {
                "row_index": 16,
                "column_index": 0,
                "children": [
                    {
                        "row_index": 17,
                        "column_index": 0,
                        "children": []
                    }
                ]
            },
            {
                "row_index": 18,
                "column_index": 0,
                "children": []
            }
        ]
    },
    "texts": [
        [
            "province and territory",
            "hirings",
            "",
            "",
            "departures",
            "",
            "",
            "net gain or loss: hirings and departures",
            "police officers eligible to retire"
        ],
        [
            "",
            "total",
            "experienced police officers",
            "recruit",
            "total",
            "retirements",
            "other",
            "",
            ""
        ],
        [
            "",
            "number",
            "percent",
            "",
            "number",
            "percent",
            "",
            "number",
            "percent"
        ],
        [
            "newfoundland and labrador",
            "53",
            "68",
            "32",
            "44",
            "64",
            "36",
            "9",
            "16"
        ],
        [
            "prince edward island",
            "10",
            "100",
            "0",
            "20",
            "65",
            "35",
            "-10",
            "17"
        ],
        [
            "nova scotia",
            "80",
            "100",
            "0",
            "80",
            "61",
            "39",
            "0",
            "18"
        ],
        [
            "new brunswick",
            "32",
            "100",
            "0",
            "74",
            "51",
            "49",
            "-42",
            "16"
        ],
        [
            "quebec",
            "901",
            "76",
            "24",
            "800",
            "66",
            "34",
            "101",
            "14"
        ],
        [
            "ontario",
            "952",
            "29",
            "71",
            "1,127",
            "71",
            "29",
            "-175",
            "8"
        ],
        [
            "manitoba",
            "112",
            "73",
            "27",
            "117",
            "56",
            "44",
            "-5",
            "10"
        ],
        [
            "saskatchewan",
            "100",
            "76",
            "24",
            "56",
            "39",
            "61",
            "44",
            "9"
        ],
        [
            "alberta",
            "474",
            "55",
            "45",
            "254",
            "63",
            "37",
            "220",
            "6"
        ],
        [
            "british columbia",
            "636",
            "79",
            "21",
            "389",
            "50",
            "50",
            "247",
            "12"
        ],
        [
            "yukon",
            "10",
            "100",
            "0",
            "9",
            "44",
            "56",
            "1",
            "18"
        ],
        [
            "northwest territories",
            "12",
            "100",
            "0",
            "4",
            "50",
            "50",
            "8",
            "12"
        ],
        [
            "nunavut",
            "9",
            "100",
            "0",
            "4",
            "25",
            "75",
            "5",
            "10"
        ],
        [
            "provincial and territorial total",
            "3,381",
            "61",
            "39",
            "2,978",
            "64",
            "36",
            "403",
            "10"
        ],
        [
            "royal canadian mounted police operation and corporate headquarters, training academy depot division and forensic labs",
            "2",
            "100",
            "0",
            "79",
            "66",
            "34",
            "-77",
            "40"
        ],
        [
            "canada",
            "3,383",
            "61",
            "39",
            "3,057",
            "64",
            "36",
            "326",
            "11"
        ]
    ],
    "merged_regions": [
        {
            "first_row": 2,
            "last_row": 2,
            "first_column": 5,
            "last_column": 6
        },
        {
            "first_row": 0,
            "last_row": 1,
            "first_column": 7,
            "last_column": 7
        },
        {
            "first_row": 0,
            "last_row": 0,
            "first_column": 1,
            "last_column": 3
        },
        {
            "first_row": 0,
            "last_row": 2,
            "first_column": 0,
            "last_column": 0
        },
        {
            "first_row": 2,
            "last_row": 2,
            "first_column": 2,
            "last_column": 3
        },
        {
            "first_row": 0,
            "last_row": 0,
            "first_column": 4,
            "last_column": 6
        },
        {
            "first_row": 0,
            "last_row": 1,
            "first_column": 8,
            "last_column": 8
        }
    ],
    "top_header_rows_num": 4,
    "left_header_columns_num": 1
}