{
    "title": "this table displays the results of summary statistics of characteristics of immigrant men and women by initial firm-level payments men , women, all, low-paying firm, medium-low-paying firm and high-paying firm, calculated using percent and number units of measure (appearing as column headers)",
    "top_root": {
        "row_index": -1,
        "column_index": -1,
        "children": [
            {
                "row_index": 0,
                "column_index": 1,
                "children": [
                    {
                        "row_index": 1,
                        "column_index": 1,
                        "children": []
                    },
                    {
                        "row_index": 1,
                        "column_index": 2,
                        "children": []
                    },
                    {
                        "row_index": 1,
                        "column_index": 3,
                        "children": []
                    },
                    {
                        "row_index": 1,
                        "column_index": 4,
                        "children": []
                    }
                ]
            },
            {
                "row_index": 0,
                "column_index": 5,
                "children": [
                    {
                        "row_index": 1,
                        "column_index": 5,
                        "children": []
                    },
                    {
                        "row_index": 1,
                        "column_index": 6,
                        "children": []
                    },
                    {
                        "row_index": 1,
                        "column_index": 7,
                        "children": []
                    },
                    {
                        "row_index": 1,
                        "column_index": 8,
                        "children": []
                    }
                ]
            }
        ]
    },
    "left_root": {
        "row_index": -1,
        "column_index": -1,
        "children": [
            {
                "row_index": 2,
                "column_index": 1,
                "children": [
                    {
                        "row_index": 3,
                        "column_index": 0,
                        "children": [
                            {
                                "row_index": 4,
                                "column_index": 0,
                                "children": []
                            },
                            {
                                "row_index": 5,
                                "column_index": 0,
                                "children": []
                            },
                            {
                                "row_index": 6,
                                "column_index": 0,
                                "children": []
                            },
                            {
                                "row_index": 7,
                                "column_index": 0,
                                "children": []
                            },
                            {
                                "row_index": 8,
                                "column_index": 0,
                                "children": []
                            },
                            {
                                "row_index": 9,
                                "column_index": 0,
                                "children": []
                            }
                        ]
                    },
                    {
                        "row_index": 10,
                        "column_index": 0,
                        "children": [
                            {
                                "row_index": 11,
                                "column_index": 0,
                                "children": []
                            }
                        ]
                    },
                    {
                        "row_index": 12,
                        "column_index": 0,
                        "children": [
                            {
                                "row_index": 13,
                                "column_index": 0,
                                "children": []
                            },
                            {
                                "row_index": 14,
                                "column_index": 0,
                                "children": []
                            },
                            {
                                "row_index": 15,
                                "column_index": 0,
                                "children": []
                            },
                            {
                                "row_index": 16,
                                "column_index": 0,
                                "children": []
                            },
                            {
                                "row_index": 17,
                                "column_index": 0,
                                "children": []
                            },
                            {
                                "row_index": 18,
                                "column_index": 0,
                                "children": []
                            },
                            {
                                "row_index": 19,
                                "column_index": 0,
                                "children": []
                            }
                        ]
                    },
                    {
                        "row_index": 20,
                        "column_index": 0,
                        "children": [
                            {
                                "row_index": 21,
                                "column_index": 0,
                                "children": []
                            },
                            {
                                "row_index": 22,
                                "column_index": 0,
                                "children": []
                            },
                            {
                                "row_index": 23,
                                "column_index": 0,
                                "children": []
                            },
                            {
                                "row_index": 24,
                                "column_index": 0,
                                "children": []
                            }
                        ]
                    },
                    {
                        "row_index": 25,
                        "column_index": 0,
                        "children": [
                            {
                                "row_index": 26,
                                "column_index": 0,
                                "children": []
                            },
                            {
                                "row_index": 27,
                                "column_index": 0,
                                "children": []
                            },
                            {
                                "row_index": 28,
                                "column_index": 0,
                                "children": []
                            },
                            {
                                "row_index": 29,
                                "column_index": 0,
                                "children": []
                            },
                            {
                                "row_index": 30,
                                "column_index": 0,
                                "children": []
                            }
                        ]
                    },
                    {
                        "row_index": 31,
                        "column_index": 0,
                        "children": [
                            {
                                "row_index": 32,
                                "column_index": 0,
                                "children": []
                            },
                            {
                                "row_index": 33,
                                "column_index": 0,
                                "children": []
                            },
                            {
                                "row_index": 34,
                                "column_index": 0,
                                "children": []
                            },
                            {
                                "row_index": 35,
                                "column_index": 0,
                                "children": []
                            },
                            {
                                "row_index": 36,
                                "column_index": 0,
                                "children": []
                            }
                        ]
                    }
                ]
            },
            {
                "row_index": 37,
                "column_index": 1,
                "children": [
                    {
                        "row_index": 38,
                        "column_index": 0,
                        "children": []
                    }
                ]
            }
        ]
    },
    "texts": [
        [
            "",
            "men",
            "",
            "",
            "",
            "women",
            "",
            "",
            ""
        ],
        [
            "",
            "all",
            "low-paying firm",
            "medium-low-paying firm",
            "high-paying firm",
            "all",
            "low-paying firm",
            "medium-low-paying firm",
            "high-paying firm"
        ],
        [
            "",
            "percent",
            "",
            "",
            "",
            "",
            "",
            "",
            ""
        ],
        [
            "age at landing",
            "",
            "",
            "",
            "",
            "",
            "",
            "",
            ""
        ],
        [
            "20 to 24",
            "10.3",
            "13.3",
            "12.1",
            "8.8",
            "16.3",
            "18.6",
            "18.1",
            "13.5"
        ],
        [
            "25 to 29",
            "24.6",
            "22.1",
            "23.7",
            "25.7",
            "27.0",
            "24.4",
            "25.5",
            "29.9"
        ],
        [
            "30 to 34",
            "26.5",
            "23.6",
            "24.6",
            "28.0",
            "24.3",
            "22.8",
            "23.1",
            "26.3"
        ],
        [
            "35 to 39",
            "19.5",
            "18.6",
            "18.7",
            "20.1",
            "17.2",
            "17.2",
            "17.3",
            "17.2"
        ],
        [
            "40 to 44",
            "12.3",
            "13.7",
            "12.9",
            "11.6",
            "10.2",
            "11.1",
            "10.5",
            "9.3"
        ],
        [
            "45 to 49",
            "6.7",
            "8.7",
            "8.0",
            "5.7",
            "4.9",
            "5.8",
            "5.5",
            "3.9"
        ],
        [
            "marital status",
            "",
            "",
            "",
            "",
            "",
            "",
            "",
            ""
        ],
        [
            "married or common-law",
            "68.2",
            "65.5",
            "68.2",
            "68.9",
            "77.4",
            "80.7",
            "78.1",
            "74.8"
        ],
        [
            "language",
            "",
            "",
            "",
            "",
            "",
            "",
            "",
            ""
        ],
        [
            "english mother tongue",
            "8.8",
            "5.5",
            "6.3",
            "10.7",
            "8.9",
            "6.7",
            "7.3",
            "11.5"
        ],
        [
            "french mother tongue",
            "1.4",
            "1.3",
            "1.5",
            "1.4",
            "1.2",
            "0.9",
            "1.0",
            "1.4"
        ],
        [
            "english and french mother tongue",
            "1.9",
            "1.2",
            "1.4",
            "2.3",
            "1.6",
            "0.8",
            "1.1",
            "2.4"
        ],
        [
            "other mother tongue, speak english",
            "53.3",
            "51.4",
            "52.3",
            "54.3",
            "44.3",
            "41.9",
            "42.1",
            "47.5"
        ],
        [
            "other mother tongue, speak french",
            "4.4",
            "5.8",
            "5.1",
            "3.7",
            "4.0",
            "4.1",
            "4.4",
            "3.5"
        ],
        [
            "other mother tongue and speak english or french",
            "5.6",
            "5.4",
            "5.0",
            "5.9",
            "4.3",
            "3.2",
            "3.4",
            "5.7"
        ],
        [
            "other mother tongue, do not speak english or french",
            "24.6",
            "29.4",
            "28.4",
            "21.7",
            "35.8",
            "42.4",
            "40.5",
            "28.0"
        ],
        [
            "education",
            "",
            "",
            "",
            "",
            "",
            "",
            "",
            ""
        ],
        [
            "high school or less",
            "23.0",
            "28.8",
            "28.5",
            "19.2",
            "30.2",
            "37.1",
            "35.7",
            "21.7"
        ],
        [
            "diploma",
            "22.5",
            "24.5",
            "24.1",
            "21.3",
            "26.5",
            "27.1",
            "28.3",
            "24.8"
        ],
        [
            "bachelor's degree",
            "37.2",
            "34.1",
            "34.5",
            "39.1",
            "32.7",
            "28.6",
            "28.4",
            "38.5"
        ],
        [
            "graduate degree",
            "17.3",
            "12.6",
            "12.9",
            "20.4",
            "10.6",
            "7.2",
            "7.5",
            "15.0"
        ],
        [
            "immigration class",
            "",
            "",
            "",
            "",
            "",
            "",
            "",
            ""
        ],
        [
            "principal skilled worker",
            "52.9",
            "43.3",
            "44.6",
            "58.9",
            "18.2",
            "11.4",
            "13.7",
            "25.8"
        ],
        [
            "spouse of skilled worker",
            "8.6",
            "9.1",
            "9.6",
            "8.1",
            "31.7",
            "33.2",
            "30.3",
            "31.7"
        ],
        [
            "business",
            "3.4",
            "7.7",
            "4.4",
            "1.8",
            "3.8",
            "6.2",
            "3.9",
            "2.1"
        ],
        [
            "family",
            "20.1",
            "19.5",
            "23.5",
            "19.0",
            "31.8",
            "33.8",
            "35.1",
            "28.2"
        ],
        [
            "refugee",
            "13.8",
            "19.3",
            "16.6",
            "11.1",
            "10.4",
            "12.4",
            "11.8",
            "8.0"
        ],
        [
            "market entry year",
            "",
            "",
            "",
            "",
            "",
            "",
            "",
            ""
        ],
        [
            "first",
            "78.2",
            "65.2",
            "75.7",
            "83.0",
            "63.4",
            "54.6",
            "64.6",
            "68.3"
        ],
        [
            "second",
            "8.5",
            "12.5",
            "9.0",
            "7.2",
            "12.2",
            "14.4",
            "11.9",
            "11.1"
        ],
        [
            "third",
            "4.5",
            "7.3",
            "4.9",
            "3.6",
            "7.1",
            "8.6",
            "6.7",
            "6.4"
        ],
        [
            "fourth",
            "2.6",
            "4.3",
            "3.0",
            "2.0",
            "4.7",
            "5.9",
            "4.6",
            "4.1"
        ],
        [
            "later",
            "6.1",
            "10.7",
            "7.3",
            "4.3",
            "12.6",
            "16.6",
            "12.2",
            "10.1"
        ],
        [
            "",
            "number",
            "",
            "",
            "",
            "",
            "",
            "",
            ""
        ],
        [
            "observations",
            "211,541",
            "36,188",
            "49,907",
            "125,446",
            "207,296",
            "58,135",
            "62,095",
            "87,066"
        ]
    ],
    "merged_regions": [
        {
            "first_row": 0,
            "last_row": 0,
            "first_column": 5,
            "last_column": 8
        },
        {
            "first_row": 2,
            "last_row": 2,
            "first_column": 1,
            "last_column": 8
        },
        {
            "first_row": 0,
            "last_row": 2,
            "first_column": 0,
            "last_column": 0
        },
        {
            "first_row": 31,
            "last_row": 31,
            "first_column": 1,
            "last_column": 8
        },
        {
            "first_row": 12,
            "last_row": 12,
            "first_column": 1,
            "last_column": 8
        },
        {
            "first_row": 20,
            "last_row": 20,
            "first_column": 1,
            "last_column": 8
        },
        {
            "first_row": 0,
            "last_row": 0,
            "first_column": 1,
            "last_column": 4
        },
        {
            "first_row": 10,
            "last_row": 10,
            "first_column": 1,
            "last_column": 8
        },
        {
            "first_row": 3,
            "last_row": 3,
            "first_column": 1,
            "last_column": 8
        },
        {
            "first_row": 37,
            "last_row": 37,
            "first_column": 1,
            "last_column": 8
        },
        {
            "first_row": 25,
            "last_row": 25,
            "first_column": 1,
            "last_column": 8
        }
    ],
    "top_header_rows_num": 3,
    "left_header_columns_num": 1
}