{
    "title": "industrial distribution of private businesses, by ownership and two-digit naics industry code, canada, 2010",
    "top_root": {
        "row_index": -1,
        "column_index": -1,
        "children": [
            {
                "row_index": 0,
                "column_index": 1,
                "children": [
                    {
                        "row_index": 1,
                        "column_index": 1,
                        "children": []
                    },
                    {
                        "row_index": 1,
                        "column_index": 2,
                        "children": []
                    }
                ]
            },
            {
                "row_index": 0,
                "column_index": 3,
                "children": [
                    {
                        "row_index": 1,
                        "column_index": 3,
                        "children": []
                    },
                    {
                        "row_index": 1,
                        "column_index": 4,
                        "children": []
                    }
                ]
            }
        ]
    },
    "left_root": {
        "row_index": -1,
        "column_index": -1,
        "children": [
            {
                "row_index": 2,
                "column_index": 1,
                "children": [
                    {
                        "row_index": 3,
                        "column_index": 0,
                        "children": [
                            {
                                "row_index": 4,
                                "column_index": 0,
                                "children": []
                            },
                            {
                                "row_index": 5,
                                "column_index": 0,
                                "children": []
                            },
                            {
                                "row_index": 6,
                                "column_index": 0,
                                "children": []
                            },
                            {
                                "row_index": 7,
                                "column_index": 0,
                                "children": []
                            },
                            {
                                "row_index": 8,
                                "column_index": 0,
                                "children": []
                            },
                            {
                                "row_index": 9,
                                "column_index": 0,
                                "children": []
                            },
                            {
                                "row_index": 10,
                                "column_index": 0,
                                "children": []
                            },
                            {
                                "row_index": 11,
                                "column_index": 0,
                                "children": []
                            },
                            {
                                "row_index": 12,
                                "column_index": 0,
                                "children": []
                            },
                            {
                                "row_index": 13,
                                "column_index": 0,
                                "children": []
                            },
                            {
                                "row_index": 14,
                                "column_index": 0,
                                "children": []
                            },
                            {
                                "row_index": 15,
                                "column_index": 0,
                                "children": []
                            },
                            {
                                "row_index": 16,
                                "column_index": 0,
                                "children": []
                            },
                            {
                                "row_index": 17,
                                "column_index": 0,
                                "children": []
                            },
                            {
                                "row_index": 18,
                                "column_index": 0,
                                "children": []
                            },
                            {
                                "row_index": 19,
                                "column_index": 0,
                                "children": []
                            },
                            {
                                "row_index": 20,
                                "column_index": 0,
                                "children": []
                            },
                            {
                                "row_index": 21,
                                "column_index": 0,
                                "children": []
                            },
                            {
                                "row_index": 22,
                                "column_index": 0,
                                "children": []
                            },
                            {
                                "row_index": 23,
                                "column_index": 0,
                                "children": []
                            },
                            {
                                "row_index": 24,
                                "column_index": 0,
                                "children": []
                            },
                            {
                                "row_index": 25,
                                "column_index": 0,
                                "children": []
                            }
                        ]
                    }
                ]
            },
            {
                "row_index": 26,
                "column_index": 1,
                "children": [
                    {
                        "row_index": 27,
                        "column_index": 0,
                        "children": []
                    }
                ]
            }
        ]
    },
    "texts": [
        [
            "",
            "private incorporated firms",
            "",
            "primarily self-employed",
            ""
        ],
        [
            "",
            "immigrant-owned",
            "canadian-born-owned",
            "immigrant-owned",
            "canadian-born-owned"
        ],
        [
            "",
            "percent distribution",
            "",
            "",
            ""
        ],
        [
            "industry",
            "",
            "",
            "",
            ""
        ],
        [
            "unknown",
            "13.6",
            "6.3",
            "..",
            ".."
        ],
        [
            "agriculture, forestry, fishing and hunting",
            "1.2",
            "4.8",
            "2.0",
            "11.0"
        ],
        [
            "mining, quarrying, and oil and gas extraction",
            "0.2",
            "1.2",
            "0.1",
            "0.2"
        ],
        [
            "utilities",
            "0.0",
            "0.1",
            "0.0",
            "0.1"
        ],
        [
            "construction",
            "7.3",
            "14.0",
            "9.6",
            "9.2"
        ],
        [
            "manufacturing",
            "3.9",
            "5.4",
            "1.6",
            "1.3"
        ],
        [
            "wholesale trade",
            "5.3",
            "5.4",
            "1.1",
            "1.0"
        ],
        [
            "retail trade",
            "11.2",
            "9.6",
            "6.0",
            "4.5"
        ],
        [
            "transportation and warehousing",
            "8.5",
            "4.5",
            "10.0",
            "3.7"
        ],
        [
            "information and cultural industries",
            "1.0",
            "1.3",
            "0.9",
            "1.1"
        ],
        [
            "finance and insurance",
            "1.5",
            "3.3",
            "2.1",
            "2.1"
        ],
        [
            "real estate and rental and leasing",
            "2.5",
            "4.1",
            "19.9",
            "19.4"
        ],
        [
            "professional, scientific and technical services",
            "14.3",
            "13.8",
            "10.5",
            "12.7"
        ],
        [
            "management of companies and enterprises",
            "0.6",
            "1.7",
            "0.0",
            "0.0"
        ],
        [
            "administrative and support, waste management and remediation services",
            "3.6",
            "4.6",
            "15.7",
            "11.2"
        ],
        [
            "educational services",
            "1.1",
            "0.9",
            "1.4",
            "0.9"
        ],
        [
            "health care and social assistance",
            "7.2",
            "6.1",
            "10.7",
            "10.4"
        ],
        [
            "arts, entertainment and recreation",
            "0.6",
            "1.4",
            "1.7",
            "3.0"
        ],
        [
            "accommodation and food services",
            "11.1",
            "5.1",
            "1.2",
            "1.0"
        ],
        [
            "other services",
            "5.4",
            "6.4",
            "5.5",
            "7.1"
        ],
        [
            "public administration",
            "0.0",
            "0.0",
            "..",
            ".."
        ],
        [
            "all industries",
            "100.0",
            "100.0",
            "100.0",
            "100.0"
        ],
        [
            "",
            "number",
            "",
            "",
            ""
        ],
        [
            "total count",
            "144,350",
            "642,840",
            "399,140",
            "1,328,130"
        ]
    ],
    "merged_regions": [
        {
            "first_row": 3,
            "last_row": 3,
            "first_column": 1,
            "last_column": 4
        },
        {
            "first_row": 26,
            "last_row": 26,
            "first_column": 1,
            "last_column": 4
        },
        {
            "first_row": 0,
            "last_row": 0,
            "first_column": 3,
            "last_column": 4
        },
        {
            "first_row": 0,
            "last_row": 2,
            "first_column": 0,
            "last_column": 0
        },
        {
            "first_row": 2,
            "last_row": 2,
            "first_column": 1,
            "last_column": 4
        },
        {
            "first_row": 0,
            "last_row": 0,
            "first_column": 1,
            "last_column": 2
        }
    ],
    "top_header_rows_num": 3,
    "left_header_columns_num": 1
}