{
    "title": "note 1 owning a private incorporated business compared to the canadian-born,table 4 note 2 selected industries, by immigrant class, 2010",
    "top_root": {
        "row_index": -1,
        "column_index": -1,
        "children": [
            {
                "row_index": 0,
                "column_index": 1,
                "children": []
            },
            {
                "row_index": 0,
                "column_index": 2,
                "children": [
                    {
                        "row_index": 1,
                        "column_index": 2,
                        "children": []
                    },
                    {
                        "row_index": 1,
                        "column_index": 3,
                        "children": []
                    },
                    {
                        "row_index": 1,
                        "column_index": 4,
                        "children": []
                    }
                ]
            }
        ]
    },
    "left_root": {
        "row_index": -1,
        "column_index": -1,
        "children": [
            {
                "row_index": 2,
                "column_index": 1,
                "children": [
                    {
                        "row_index": 3,
                        "column_index": 0,
                        "children": []
                    },
                    {
                        "row_index": 4,
                        "column_index": 0,
                        "children": [
                            {
                                "row_index": 5,
                                "column_index": 0,
                                "children": []
                            },
                            {
                                "row_index": 6,
                                "column_index": 0,
                                "children": []
                            },
                            {
                                "row_index": 7,
                                "column_index": 0,
                                "children": []
                            },
                            {
                                "row_index": 8,
                                "column_index": 0,
                                "children": []
                            },
                            {
                                "row_index": 9,
                                "column_index": 0,
                                "children": []
                            }
                        ]
                    }
                ]
            }
        ]
    },
    "texts": [
        [
            "",
            "all immigrants",
            "immigrant class",
            "",
            ""
        ],
        [
            "",
            "",
            "family",
            "economic",
            "refugee"
        ],
        [
            "",
            "ratio",
            "",
            "",
            ""
        ],
        [
            "all industries",
            "1.0",
            "0.9",
            "1.0",
            "0.7"
        ],
        [
            "industry group",
            "",
            "",
            "",
            ""
        ],
        [
            "knowledge-based industries",
            "1.2",
            "0.7",
            "1.8",
            "0.5"
        ],
        [
            "engineering and information technology",
            "1.3",
            "0.7",
            "2.0",
            "0.5"
        ],
        [
            "retail (grocery) and food services",
            "1.7",
            "1.6",
            "1.5",
            "1.6"
        ],
        [
            "taxi, janitorial, landscaping",
            "..",
            "..",
            "..",
            ".."
        ],
        [
            "lessor of real estate",
            "..",
            "..",
            "..",
            ".."
        ]
    ],
    "merged_regions": [
        {
            "first_row": 0,
            "last_row": 0,
            "first_column": 2,
            "last_column": 4
        },
        {
            "first_row": 0,
            "last_row": 2,
            "first_column": 0,
            "last_column": 0
        },
        {
            "first_row": 0,
            "last_row": 1,
            "first_column": 1,
            "last_column": 1
        },
        {
            "first_row": 4,
            "last_row": 4,
            "first_column": 1,
            "last_column": 4
        },
        {
            "first_row": 2,
            "last_row": 2,
            "first_column": 1,
            "last_column": 4
        }
    ],
    "top_header_rows_num": 3,
    "left_header_columns_num": 1
}