{
    "title": "career statistics",
    "top_root": {
        "row_index": -1,
        "column_index": -1,
        "children": [
            {
                "row_index": 0,
                "column_index": 3,
                "children": [
                    {
                        "row_index": 1,
                        "column_index": 3,
                        "children": []
                    },
                    {
                        "row_index": 1,
                        "column_index": 4,
                        "children": []
                    }
                ]
            },
            {
                "row_index": 0,
                "column_index": 5,
                "children": [
                    {
                        "row_index": 1,
                        "column_index": 5,
                        "children": []
                    },
                    {
                        "row_index": 1,
                        "column_index": 6,
                        "children": []
                    }
                ]
            },
            {
                "row_index": 0,
                "column_index": 7,
                "children": [
                    {
                        "row_index": 1,
                        "column_index": 7,
                        "children": []
                    },
                    {
                        "row_index": 1,
                        "column_index": 8,
                        "children": []
                    }
                ]
            },
            {
                "row_index": 0,
                "column_index": 9,
                "children": [
                    {
                        "row_index": 1,
                        "column_index": 9,
                        "children": []
                    },
                    {
                        "row_index": 1,
                        "column_index": 10,
                        "children": []
                    }
                ]
            },
            {
                "row_index": 0,
                "column_index": 11,
                "children": [
                    {
                        "row_index": 1,
                        "column_index": 11,
                        "children": []
                    },
                    {
                        "row_index": 1,
                        "column_index": 12,
                        "children": []
                    }
                ]
            }
        ]
    },
    "left_root": {
        "row_index": -1,
        "column_index": -1,
        "children": [
            {
                "row_index": 2,
                "column_index": 0,
                "children": [
                    {
                        "row_index": 2,
                        "column_index": 1,
                        "children": [
                            {
                                "row_index": 2,
                                "column_index": 2,
                                "children": []
                            },
                            {
                                "row_index": 3,
                                "column_index": 2,
                                "children": []
                            },
                            {
                                "row_index": 4,
                                "column_index": 2,
                                "children": []
                            },
                            {
                                "row_index": 5,
                                "column_index": 2,
                                "children": []
                            },
                            {
                                "row_index": 6,
                                "column_index": 2,
                                "children": []
                            }
                        ]
                    }
                ]
            },
            {
                "row_index": 7,
                "column_index": 0,
                "children": [
                    {
                        "row_index": 7,
                        "column_index": 1,
                        "children": [
                            {
                                "row_index": 7,
                                "column_index": 2,
                                "children": []
                            },
                            {
                                "row_index": 8,
                                "column_index": 2,
                                "children": []
                            }
                        ]
                    }
                ]
            },
            {
                "row_index": 9,
                "column_index": 0,
                "children": []
            }
        ]
    },
    "texts": [
        [
            "club",
            "division",
            "season",
            "league",
            "",
            "cup",
            "",
            "league cup",
            "",
            "other",
            "",
            "total",
            ""
        ],
        [
            "",
            "",
            "",
            "apps",
            "goals",
            "apps",
            "goals",
            "apps",
            "goals",
            "apps",
            "goals",
            "apps",
            "goals"
        ],
        [
            "fitzroy united alexander",
            "victorian state league",
            "1973",
            "19",
            "7",
            "5",
            "3",
            "none",
            "none",
            "none",
            "none",
            "24",
            "10"
        ],
        [
            "",
            "",
            "1974",
            "18",
            "8",
            "2",
            "1",
            "3",
            "1",
            "5",
            "0",
            "28",
            "10"
        ],
        [
            "",
            "",
            "1975",
            "18",
            "8",
            "?",
            "",
            "none",
            "none",
            "none",
            "none",
            "18",
            "8"
        ],
        [
            "",
            "",
            "1976",
            "19",
            "8",
            "?",
            "",
            "none",
            "none",
            "none",
            "none",
            "19",
            "8"
        ],
        [
            "",
            "",
            "total",
            "74",
            "31",
            "7",
            "4",
            "3",
            "1",
            "5",
            "0",
            "89",
            "36"
        ],
        [
            "south melbourne hellas",
            "national soccer league",
            "1977",
            "24",
            "5",
            "1",
            "0",
            "none",
            "none",
            "none",
            "none",
            "25",
            "5"
        ],
        [
            "",
            "",
            "total",
            "24",
            "5",
            "1",
            "0",
            "0",
            "0",
            "0",
            "0",
            "25",
            "5"
        ],
        [
            "career total",
            "",
            "",
            "98",
            "36",
            "8",
            "4",
            "3",
            "1",
            "5",
            "0",
            "114",
            "41"
        ]
    ],
    "merged_regions": [
        {
            "first_row": 0,
            "last_row": 0,
            "first_column": 5,
            "last_column": 6
        },
        {
            "first_row": 0,
            "last_row": 0,
            "first_column": 3,
            "last_column": 4
        },
        {
            "first_row": 0,
            "last_row": 0,
            "first_column": 7,
            "last_column": 8
        },
        {
            "first_row": 0,
            "last_row": 1,
            "first_column": 1,
            "last_column": 1
        },
        {
            "first_row": 0,
            "last_row": 0,
            "first_column": 11,
            "last_column": 12
        },
        {
            "first_row": 0,
            "last_row": 0,
            "first_column": 9,
            "last_column": 10
        },
        {
            "first_row": 9,
            "last_row": 9,
            "first_column": 0,
            "last_column": 2
        },
        {
            "first_row": 0,
            "last_row": 1,
            "first_column": 0,
            "last_column": 0
        },
        {
            "first_row": 7,
            "last_row": 8,
            "first_column": 1,
            "last_column": 1
        },
        {
            "first_row": 7,
            "last_row": 8,
            "first_column": 0,
            "last_column": 0
        },
        {
            "first_row": 2,
            "last_row": 6,
            "first_column": 0,
            "last_column": 0
        },
        {
            "first_row": 0,
            "last_row": 1,
            "first_column": 2,
            "last_column": 2
        },
        {
            "first_row": 2,
            "last_row": 6,
            "first_column": 1,
            "last_column": 1
        },
        {
            "first_row": 5,
            "last_row": 5,
            "first_column": 5,
            "last_column": 6
        },
        {
            "first_row": 4,
            "last_row": 4,
            "first_column": 5,
            "last_column": 6
        }
    ],
    "top_header_rows_num": 3,
    "left_header_columns_num": 1
}