{
    "title": "cisgender and transgender health risk behaviours, by behaviour, canada, 2018",
    "top_root": {
        "row_index": -1,
        "column_index": -1,
        "children": [
            {
                "row_index": 0,
                "column_index": 1,
                "children": [
                    {
                        "row_index": 1,
                        "column_index": 1,
                        "children": []
                    },
                    {
                        "row_index": 1,
                        "column_index": 2,
                        "children": [
                            {
                                "row_index": 2,
                                "column_index": 2,
                                "children": []
                            },
                            {
                                "row_index": 2,
                                "column_index": 3,
                                "children": []
                            }
                        ]
                    }
                ]
            },
            {
                "row_index": 0,
                "column_index": 4,
                "children": [
                    {
                        "row_index": 1,
                        "column_index": 4,
                        "children": []
                    },
                    {
                        "row_index": 1,
                        "column_index": 5,
                        "children": [
                            {
                                "row_index": 2,
                                "column_index": 5,
                                "children": []
                            },
                            {
                                "row_index": 2,
                                "column_index": 6,
                                "children": []
                            }
                        ]
                    }
                ]
            }
        ]
    },
    "left_root": {
        "row_index": -1,
        "column_index": -1,
        "children": [
            {
                "row_index": 3,
                "column_index": 0,
                "children": []
            },
            {
                "row_index": 4,
                "column_index": 0,
                "children": []
            },
            {
                "row_index": 5,
                "column_index": 0,
                "children": []
            },
            {
                "row_index": 6,
                "column_index": 0,
                "children": [
                    {
                        "row_index": 7,
                        "column_index": 0,
                        "children": []
                    },
                    {
                        "row_index": 8,
                        "column_index": 0,
                        "children": []
                    }
                ]
            }
        ]
    },
    "texts": [
        [
            "health risk behaviours",
            "cisgender",
            "",
            "",
            "transgender",
            "",
            ""
        ],
        [
            "",
            "percent",
            "95% confidence interval",
            "",
            "percent",
            "95% confidence interval",
            ""
        ],
        [
            "",
            "",
            "from",
            "to",
            "",
            "from",
            "to"
        ],
        [
            "binge drinking in the past 12 months",
            "44.0",
            "43.3",
            "44.8",
            "40.3",
            "21.8",
            "60.9"
        ],
        [
            "non-medicinal cannabis use in the past 12 months",
            "16.0",
            "15.4",
            "16.5",
            "30.8",
            "14.4",
            "51.6"
        ],
        [
            "non-prescribed drug use in the past 12 months",
            "2.8",
            "2.6",
            "3.1",
            "f",
            "f",
            "f"
        ],
        [
            "used drugs or alcohol to cope",
            "",
            "",
            "",
            "",
            "",
            ""
        ],
        [
            "with abuse or violence that occurred in lifetime",
            "10.9",
            "10.4",
            "11.5",
            "35.7",
            "15.3",
            "52.6"
        ],
        [
            "with abuse or violence that occurred in past 12 months",
            "11.5",
            "9.0",
            "14.7",
            "f",
            "f",
            "f"
        ]
    ],
    "merged_regions": [
        {
            "first_row": 0,
            "last_row": 0,
            "first_column": 1,
            "last_column": 3
        },
        {
            "first_row": 0,
            "last_row": 2,
            "first_column": 0,
            "last_column": 0
        },
        {
            "first_row": 1,
            "last_row": 2,
            "first_column": 1,
            "last_column": 1
        },
        {
            "first_row": 0,
            "last_row": 0,
            "first_column": 4,
            "last_column": 6
        },
        {
            "first_row": 6,
            "last_row": 6,
            "first_column": 1,
            "last_column": 6
        },
        {
            "first_row": 1,
            "last_row": 2,
            "first_column": 4,
            "last_column": 4
        },
        {
            "first_row": 1,
            "last_row": 1,
            "first_column": 2,
            "last_column": 3
        },
        {
            "first_row": 1,
            "last_row": 1,
            "first_column": 5,
            "last_column": 6
        }
    ],
    "top_header_rows_num": 4,
    "left_header_columns_num": 1
}