"health risk behaviours","cisgender","","","transgender","",""
"","percent","95% confidence interval","","percent","95% confidence interval",""
"","","from","to","","from","to"
"binge drinking in the past 12 months","44.0","43.3","44.8","40.3","21.8","60.9"
"non-medicinal cannabis use in the past 12 months","16.0","15.4","16.5","30.8","14.4","51.6"
"non-prescribed drug use in the past 12 months","2.8","2.6","3.1","f","f","f"
"used drugs or alcohol to cope","","","","","",""
"with abuse or violence that occurred in lifetime","10.9","10.4","11.5","35.7","15.3","52.6"
"with abuse or violence that occurred in past 12 months","11.5","9.0","14.7","f","f","f"
