{
    "title": "results associated with individual facets of job flexibility in a logit model of job satisfaction, by age group, 2014",
    "top_root": {
        "row_index": -1,
        "column_index": -1,
        "children": [
            {
                "row_index": 0,
                "column_index": 1,
                "children": [
                    {
                        "row_index": 1,
                        "column_index": 1,
                        "children": []
                    },
                    {
                        "row_index": 1,
                        "column_index": 2,
                        "children": []
                    },
                    {
                        "row_index": 1,
                        "column_index": 3,
                        "children": []
                    }
                ]
            }
        ]
    },
    "left_root": {
        "row_index": -1,
        "column_index": -1,
        "children": [
            {
                "row_index": 2,
                "column_index": 1,
                "children": [
                    {
                        "row_index": 3,
                        "column_index": 0,
                        "children": [
                            {
                                "row_index": 4,
                                "column_index": 0,
                                "children": []
                            },
                            {
                                "row_index": 5,
                                "column_index": 0,
                                "children": []
                            }
                        ]
                    },
                    {
                        "row_index": 6,
                        "column_index": 0,
                        "children": [
                            {
                                "row_index": 7,
                                "column_index": 0,
                                "children": []
                            },
                            {
                                "row_index": 8,
                                "column_index": 0,
                                "children": []
                            }
                        ]
                    },
                    {
                        "row_index": 9,
                        "column_index": 0,
                        "children": [
                            {
                                "row_index": 10,
                                "column_index": 0,
                                "children": []
                            },
                            {
                                "row_index": 11,
                                "column_index": 0,
                                "children": []
                            }
                        ]
                    },
                    {
                        "row_index": 12,
                        "column_index": 0,
                        "children": [
                            {
                                "row_index": 13,
                                "column_index": 0,
                                "children": []
                            },
                            {
                                "row_index": 14,
                                "column_index": 0,
                                "children": []
                            }
                        ]
                    }
                ]
            }
        ]
    },
    "texts": [
        [
            "",
            "age group",
            "",
            ""
        ],
        [
            "",
            "18 to 33",
            "34 to 49",
            "50 to 64"
        ],
        [
            "",
            "average marginal effects",
            "",
            ""
        ],
        [
            "control over order of work",
            "",
            "",
            ""
        ],
        [
            "none, very little or some",
            "..",
            "..",
            ".."
        ],
        [
            "high or very high extent",
            "0.040",
            "0.035",
            "0.038"
        ],
        [
            "control over how the work is done",
            "",
            "",
            ""
        ],
        [
            "none, very little or some",
            "..",
            "..",
            ".."
        ],
        [
            "high or very high extent",
            "0.003",
            "0.034",
            "0.011"
        ],
        [
            "control over speed of work",
            "",
            "",
            ""
        ],
        [
            "none, very little or some",
            "..",
            "..",
            ".."
        ],
        [
            "high or very high extent",
            "-0.015",
            "0.017",
            "0.026"
        ],
        [
            "control over hours of work",
            "",
            "",
            ""
        ],
        [
            "none, very little or some",
            "..",
            "..",
            ".."
        ],
        [
            "high or very high extent",
            "0.170",
            "0.068",
            "0.101"
        ]
    ],
    "merged_regions": [
        {
            "first_row": 6,
            "last_row": 6,
            "first_column": 1,
            "last_column": 3
        },
        {
            "first_row": 0,
            "last_row": 0,
            "first_column": 1,
            "last_column": 3
        },
        {
            "first_row": 0,
            "last_row": 2,
            "first_column": 0,
            "last_column": 0
        },
        {
            "first_row": 9,
            "last_row": 9,
            "first_column": 1,
            "last_column": 3
        },
        {
            "first_row": 2,
            "last_row": 2,
            "first_column": 1,
            "last_column": 3
        },
        {
            "first_row": 3,
            "last_row": 3,
            "first_column": 1,
            "last_column": 3
        },
        {
            "first_row": 12,
            "last_row": 12,
            "first_column": 1,
            "last_column": 3
        }
    ],
    "top_header_rows_num": 3,
    "left_header_columns_num": 1
}