{
    "title": "census undercoverage rates and record linkage rates by age group and sex, canada, 2006 to 2011",
    "top_root": {
        "row_index": -1,
        "column_index": -1,
        "children": [
            {
                "row_index": 0,
                "column_index": 1,
                "children": [
                    {
                        "row_index": 1,
                        "column_index": 1,
                        "children": []
                    },
                    {
                        "row_index": 1,
                        "column_index": 2,
                        "children": []
                    },
                    {
                        "row_index": 1,
                        "column_index": 3,
                        "children": []
                    }
                ]
            },
            {
                "row_index": 0,
                "column_index": 4,
                "children": [
                    {
                        "row_index": 1,
                        "column_index": 4,
                        "children": []
                    },
                    {
                        "row_index": 1,
                        "column_index": 5,
                        "children": []
                    },
                    {
                        "row_index": 1,
                        "column_index": 6,
                        "children": []
                    }
                ]
            }
        ]
    },
    "left_root": {
        "row_index": -1,
        "column_index": -1,
        "children": [
            {
                "row_index": 2,
                "column_index": 1,
                "children": [
                    {
                        "row_index": 3,
                        "column_index": 0,
                        "children": []
                    },
                    {
                        "row_index": 4,
                        "column_index": 0,
                        "children": [
                            {
                                "row_index": 5,
                                "column_index": 0,
                                "children": []
                            },
                            {
                                "row_index": 6,
                                "column_index": 0,
                                "children": []
                            },
                            {
                                "row_index": 7,
                                "column_index": 0,
                                "children": []
                            },
                            {
                                "row_index": 8,
                                "column_index": 0,
                                "children": []
                            },
                            {
                                "row_index": 9,
                                "column_index": 0,
                                "children": []
                            },
                            {
                                "row_index": 10,
                                "column_index": 0,
                                "children": []
                            },
                            {
                                "row_index": 11,
                                "column_index": 0,
                                "children": []
                            },
                            {
                                "row_index": 12,
                                "column_index": 0,
                                "children": []
                            },
                            {
                                "row_index": 13,
                                "column_index": 0,
                                "children": []
                            },
                            {
                                "row_index": 14,
                                "column_index": 0,
                                "children": []
                            }
                        ]
                    }
                ]
            }
        ]
    },
    "texts": [
        [
            "",
            "census undercoverage rate",
            "",
            "",
            "linkage rate",
            "",
            ""
        ],
        [
            "",
            "both sexes",
            "male",
            "female",
            "both sexes",
            "male",
            "female"
        ],
        [
            "",
            "percent",
            "",
            "",
            "",
            "",
            ""
        ],
        [
            "total",
            "2.7",
            "3.9",
            "1.5",
            "89",
            "88",
            "89"
        ],
        [
            "age group",
            "",
            "",
            "",
            "",
            "",
            ""
        ],
        [
            "0 to 4",
            "2.7",
            "2.9",
            "2.5",
            "79",
            "80",
            "77"
        ],
        [
            "5 to 14",
            "0.9",
            "0.8",
            "0.9",
            "85",
            "85",
            "84"
        ],
        [
            "15 to 17",
            "-0.8",
            "-0.5",
            "-1.1",
            "82",
            "83",
            "82"
        ],
        [
            "18 to 19",
            "6.2",
            "7.8",
            "4.5",
            "77",
            "77",
            "76"
        ],
        [
            "20 to 24",
            "7.6",
            "9.5",
            "5.7",
            "70",
            "70",
            "72"
        ],
        [
            "25 to 34",
            "8.0",
            "9.9",
            "6.1",
            "71",
            "69",
            "74"
        ],
        [
            "35 to 44",
            "4.3",
            "6.7",
            "1.9",
            "77",
            "74",
            "81"
        ],
        [
            "45 to 54",
            "1.5",
            "3.0",
            "0.0",
            "84",
            "82",
            "88"
        ],
        [
            "55 to 64",
            "-0.3",
            "0.8",
            "-1.4",
            "89",
            "88",
            "91"
        ],
        [
            "65 and older",
            "-1.4",
            "-1.7",
            "-1.1",
            "90",
            "91",
            "89"
        ]
    ],
    "merged_regions": [
        {
            "first_row": 2,
            "last_row": 2,
            "first_column": 1,
            "last_column": 6
        },
        {
            "first_row": 0,
            "last_row": 0,
            "first_column": 1,
            "last_column": 3
        },
        {
            "first_row": 0,
            "last_row": 2,
            "first_column": 0,
            "last_column": 0
        },
        {
            "first_row": 0,
            "last_row": 0,
            "first_column": 4,
            "last_column": 6
        },
        {
            "first_row": 4,
            "last_row": 4,
            "first_column": 1,
            "last_column": 6
        }
    ],
    "top_header_rows_num": 3,
    "left_header_columns_num": 1
}