{
    "title": "playing statistics",
    "top_root": {
        "row_index": -1,
        "column_index": -1,
        "children": [
            {
                "row_index": 0,
                "column_index": 3,
                "children": [
                    {
                        "row_index": 1,
                        "column_index": 3,
                        "children": []
                    },
                    {
                        "row_index": 1,
                        "column_index": 4,
                        "children": []
                    }
                ]
            },
            {
                "row_index": 0,
                "column_index": 5,
                "children": [
                    {
                        "row_index": 1,
                        "column_index": 5,
                        "children": []
                    },
                    {
                        "row_index": 1,
                        "column_index": 6,
                        "children": []
                    }
                ]
            },
            {
                "row_index": 0,
                "column_index": 7,
                "children": [
                    {
                        "row_index": 1,
                        "column_index": 7,
                        "children": []
                    },
                    {
                        "row_index": 1,
                        "column_index": 8,
                        "children": []
                    }
                ]
            },
            {
                "row_index": 0,
                "column_index": 9,
                "children": [
                    {
                        "row_index": 1,
                        "column_index": 9,
                        "children": []
                    },
                    {
                        "row_index": 1,
                        "column_index": 10,
                        "children": []
                    }
                ]
            },
            {
                "row_index": 0,
                "column_index": 11,
                "children": [
                    {
                        "row_index": 1,
                        "column_index": 11,
                        "children": []
                    },
                    {
                        "row_index": 1,
                        "column_index": 12,
                        "children": []
                    }
                ]
            }
        ]
    },
    "left_root": {
        "row_index": -1,
        "column_index": -1,
        "children": [
            {
                "row_index": 2,
                "column_index": 0,
                "children": [
                    {
                        "row_index": 2,
                        "column_index": 1,
                        "children": [
                            {
                                "row_index": 2,
                                "column_index": 2,
                                "children": []
                            }
                        ]
                    },
                    {
                        "row_index": 3,
                        "column_index": 1,
                        "children": [
                            {
                                "row_index": 3,
                                "column_index": 2,
                                "children": []
                            }
                        ]
                    },
                    {
                        "row_index": 4,
                        "column_index": 1,
                        "children": [
                            {
                                "row_index": 4,
                                "column_index": 2,
                                "children": []
                            }
                        ]
                    },
                    {
                        "row_index": 5,
                        "column_index": 1,
                        "children": [
                            {
                                "row_index": 5,
                                "column_index": 2,
                                "children": []
                            }
                        ]
                    },
                    {
                        "row_index": 6,
                        "column_index": 1,
                        "children": [
                            {
                                "row_index": 6,
                                "column_index": 2,
                                "children": []
                            }
                        ]
                    },
                    {
                        "row_index": 7,
                        "column_index": 1,
                        "children": [
                            {
                                "row_index": 7,
                                "column_index": 2,
                                "children": []
                            }
                        ]
                    },
                    {
                        "row_index": 8,
                        "column_index": 1,
                        "children": [
                            {
                                "row_index": 8,
                                "column_index": 2,
                                "children": []
                            }
                        ]
                    },
                    {
                        "row_index": 9,
                        "column_index": 1,
                        "children": []
                    }
                ]
            },
            {
                "row_index": 10,
                "column_index": 0,
                "children": [
                    {
                        "row_index": 10,
                        "column_index": 1,
                        "children": [
                            {
                                "row_index": 10,
                                "column_index": 2,
                                "children": []
                            }
                        ]
                    },
                    {
                        "row_index": 11,
                        "column_index": 1,
                        "children": [
                            {
                                "row_index": 11,
                                "column_index": 2,
                                "children": []
                            }
                        ]
                    },
                    {
                        "row_index": 12,
                        "column_index": 1,
                        "children": [
                            {
                                "row_index": 12,
                                "column_index": 2,
                                "children": []
                            }
                        ]
                    },
                    {
                        "row_index": 13,
                        "column_index": 1,
                        "children": [
                            {
                                "row_index": 13,
                                "column_index": 2,
                                "children": []
                            }
                        ]
                    },
                    {
                        "row_index": 14,
                        "column_index": 1,
                        "children": [
                            {
                                "row_index": 14,
                                "column_index": 2,
                                "children": []
                            }
                        ]
                    },
                    {
                        "row_index": 15,
                        "column_index": 1,
                        "children": [
                            {
                                "row_index": 15,
                                "column_index": 2,
                                "children": []
                            }
                        ]
                    },
                    {
                        "row_index": 16,
                        "column_index": 1,
                        "children": [
                            {
                                "row_index": 16,
                                "column_index": 2,
                                "children": []
                            }
                        ]
                    },
                    {
                        "row_index": 17,
                        "column_index": 1,
                        "children": [
                            {
                                "row_index": 17,
                                "column_index": 2,
                                "children": []
                            }
                        ]
                    },
                    {
                        "row_index": 18,
                        "column_index": 1,
                        "children": [
                            {
                                "row_index": 18,
                                "column_index": 2,
                                "children": []
                            }
                        ]
                    },
                    {
                        "row_index": 19,
                        "column_index": 1,
                        "children": []
                    }
                ]
            },
            {
                "row_index": 20,
                "column_index": 0,
                "children": []
            }
        ]
    },
    "texts": [
        [
            "club",
            "season",
            "division",
            "league",
            "",
            "fa cup",
            "",
            "league cup",
            "",
            "other",
            "",
            "total",
            ""
        ],
        [
            "",
            "",
            "",
            "apps",
            "goals",
            "apps",
            "goals",
            "apps",
            "goals",
            "apps",
            "goals",
            "apps",
            "goals"
        ],
        [
            "barnsley",
            "1996-97",
            "first division",
            "0",
            "0",
            "0",
            "0",
            "0",
            "0",
            "0",
            "0",
            "0",
            "0"
        ],
        [
            "",
            "1997-98",
            "premier league",
            "11",
            "0",
            "3",
            "0",
            "0",
            "0",
            "0",
            "0",
            "14",
            "0"
        ],
        [
            "",
            "1998-99",
            "first division",
            "19",
            "0",
            "1",
            "0",
            "3",
            "0",
            "0",
            "0",
            "23",
            "0"
        ],
        [
            "",
            "1999-2000",
            "first division",
            "37",
            "0",
            "1",
            "0",
            "4",
            "1",
            "3",
            "0",
            "45",
            "1"
        ],
        [
            "",
            "2000-01",
            "first division",
            "40",
            "1",
            "1",
            "0",
            "4",
            "0",
            "0",
            "0",
            "45",
            "1"
        ],
        [
            "",
            "2001-02",
            "first division",
            "42",
            "4",
            "2",
            "0",
            "3",
            "0",
            "0",
            "0",
            "47",
            "4"
        ],
        [
            "",
            "2002-03",
            "second division",
            "36",
            "2",
            "1",
            "0",
            "0",
            "0",
            "1",
            "0",
            "38",
            "2"
        ],
        [
            "",
            "total",
            "",
            "185",
            "7",
            "9",
            "0",
            "14",
            "1",
            "4",
            "0",
            "212",
            "8"
        ],
        [
            "sheffield united",
            "2003-04",
            "first division",
            "32",
            "1",
            "3",
            "1",
            "1",
            "0",
            "0",
            "0",
            "36",
            "2"
        ],
        [
            "",
            "2004-05",
            "championship",
            "41",
            "2",
            "3",
            "0",
            "3",
            "1",
            "0",
            "0",
            "47",
            "3"
        ],
        [
            "",
            "2005-06",
            "championship",
            "39",
            "4",
            "1",
            "0",
            "2",
            "0",
            "0",
            "0",
            "42",
            "4"
        ],
        [
            "",
            "2006-07",
            "premier league",
            "24",
            "1",
            "0",
            "0",
            "1",
            "0",
            "0",
            "0",
            "25",
            "1"
        ],
        [
            "",
            "2007-08",
            "championship",
            "25",
            "2",
            "3",
            "0",
            "2",
            "0",
            "0",
            "0",
            "30",
            "2"
        ],
        [
            "",
            "2008-09",
            "championship",
            "41",
            "2",
            "4",
            "0",
            "2",
            "0",
            "3",
            "0",
            "50",
            "2"
        ],
        [
            "",
            "2009-10",
            "championship",
            "37",
            "2",
            "3",
            "0",
            "0",
            "0",
            "0",
            "0",
            "40",
            "2"
        ],
        [
            "",
            "2010-11",
            "championship",
            "8",
            "0",
            "0",
            "0",
            "1",
            "0",
            "0",
            "0",
            "9",
            "0"
        ],
        [
            "",
            "2011-12",
            "championship",
            "0",
            "0",
            "0",
            "0",
            "0",
            "0",
            "0",
            "0",
            "0",
            "0"
        ],
        [
            "",
            "total",
            "",
            "247",
            "14",
            "17",
            "1",
            "12",
            "1",
            "3",
            "0",
            "279",
            "16"
        ],
        [
            "career total",
            "",
            "",
            "432",
            "21",
            "26",
            "1",
            "26",
            "2",
            "7",
            "0",
            "491",
            "24"
        ]
    ],
    "merged_regions": [
        {
            "first_row": 10,
            "last_row": 19,
            "first_column": 0,
            "last_column": 0
        },
        {
            "first_row": 0,
            "last_row": 0,
            "first_column": 5,
            "last_column": 6
        },
        {
            "first_row": 9,
            "last_row": 9,
            "first_column": 1,
            "last_column": 2
        },
        {
            "first_row": 0,
            "last_row": 0,
            "first_column": 3,
            "last_column": 4
        },
        {
            "first_row": 0,
            "last_row": 0,
            "first_column": 7,
            "last_column": 8
        },
        {
            "first_row": 0,
            "last_row": 1,
            "first_column": 1,
            "last_column": 1
        },
        {
            "first_row": 0,
            "last_row": 0,
            "first_column": 11,
            "last_column": 12
        },
        {
            "first_row": 0,
            "last_row": 0,
            "first_column": 9,
            "last_column": 10
        },
        {
            "first_row": 0,
            "last_row": 1,
            "first_column": 0,
            "last_column": 0
        },
        {
            "first_row": 19,
            "last_row": 19,
            "first_column": 1,
            "last_column": 2
        },
        {
            "first_row": 0,
            "last_row": 1,
            "first_column": 2,
            "last_column": 2
        },
        {
            "first_row": 2,
            "last_row": 9,
            "first_column": 0,
            "last_column": 0
        },
        {
            "first_row": 20,
            "last_row": 20,
            "first_column": 0,
            "last_column": 2
        }
    ],
    "top_header_rows_num": 3,
    "left_header_columns_num": 1
}