{
    "title": "prevalence of multiple sclerosis per 100,000 population, by selected characteristics, household population (2010/2011) and residents of long-term care institutions (2011/2012), canada",
    "top_root": {
        "row_index": -1,
        "column_index": -1,
        "children": [
            {
                "row_index": 0,
                "column_index": 1,
                "children": []
            },
            {
                "row_index": 0,
                "column_index": 2,
                "children": [
                    {
                        "row_index": 3,
                        "column_index": 2,
                        "children": []
                    },
                    {
                        "row_index": 3,
                        "column_index": 3,
                        "children": []
                    }
                ]
            }
        ]
    },
    "left_root": {
        "row_index": -1,
        "column_index": -1,
        "children": [
            {
                "row_index": 4,
                "column_index": 0,
                "children": [
                    {
                        "row_index": 5,
                        "column_index": 0,
                        "children": [
                            {
                                "row_index": 6,
                                "column_index": 0,
                                "children": []
                            },
                            {
                                "row_index": 7,
                                "column_index": 0,
                                "children": []
                            }
                        ]
                    },
                    {
                        "row_index": 8,
                        "column_index": 0,
                        "children": [
                            {
                                "row_index": 9,
                                "column_index": 0,
                                "children": []
                            },
                            {
                                "row_index": 10,
                                "column_index": 0,
                                "children": []
                            }
                        ]
                    },
                    {
                        "row_index": 11,
                        "column_index": 0,
                        "children": [
                            {
                                "row_index": 12,
                                "column_index": 0,
                                "children": []
                            },
                            {
                                "row_index": 13,
                                "column_index": 0,
                                "children": []
                            },
                            {
                                "row_index": 14,
                                "column_index": 0,
                                "children": []
                            },
                            {
                                "row_index": 15,
                                "column_index": 0,
                                "children": []
                            },
                            {
                                "row_index": 16,
                                "column_index": 0,
                                "children": []
                            }
                        ]
                    }
                ]
            },
            {
                "row_index": 17,
                "column_index": 0,
                "children": [
                    {
                        "row_index": 18,
                        "column_index": 0,
                        "children": []
                    },
                    {
                        "row_index": 19,
                        "column_index": 0,
                        "children": [
                            {
                                "row_index": 20,
                                "column_index": 0,
                                "children": []
                            },
                            {
                                "row_index": 21,
                                "column_index": 0,
                                "children": []
                            }
                        ]
                    },
                    {
                        "row_index": 22,
                        "column_index": 0,
                        "children": [
                            {
                                "row_index": 23,
                                "column_index": 0,
                                "children": []
                            },
                            {
                                "row_index": 24,
                                "column_index": 0,
                                "children": []
                            },
                            {
                                "row_index": 25,
                                "column_index": 0,
                                "children": []
                            },
                            {
                                "row_index": 26,
                                "column_index": 0,
                                "children": []
                            },
                            {
                                "row_index": 27,
                                "column_index": 0,
                                "children": []
                            }
                        ]
                    }
                ]
            }
        ]
    },
    "texts": [
        [
            "characterisitc",
            "prevalence per 100,000 population",
            "95% confidence interval",
            ""
        ],
        [
            "",
            "",
            "",
            ""
        ],
        [
            "",
            "",
            "",
            ""
        ],
        [
            "",
            "",
            "from",
            "to"
        ],
        [
            "households",
            "",
            "",
            ""
        ],
        [
            "total",
            "290",
            "258",
            "325"
        ],
        [
            "multiple sclerosis and other neurological conditions",
            "92",
            "71",
            "119"
        ],
        [
            "multiple sclerosis without other neurological conditions",
            "197",
            "175",
            "223"
        ],
        [
            "sex",
            "",
            "",
            ""
        ],
        [
            "males",
            "159",
            "125",
            "201"
        ],
        [
            "females",
            "418",
            "367",
            "477"
        ],
        [
            "age group",
            "",
            "",
            ""
        ],
        [
            "0 to 17",
            "f",
            "f",
            "f"
        ],
        [
            "18 to 44",
            "233",
            "188",
            "290"
        ],
        [
            "45 to 64",
            "478",
            "417",
            "548"
        ],
        [
            "65 to 79",
            "470",
            "333",
            "663"
        ],
        [
            "65 or older",
            "267",
            "149",
            "479"
        ],
        [
            "institutions",
            "",
            "",
            ""
        ],
        [
            "total",
            "1,460",
            "1,380",
            "1,540"
        ],
        [
            "sex",
            "",
            "",
            ""
        ],
        [
            "males",
            "1,300",
            "1,200",
            "1,400"
        ],
        [
            "females",
            "1,540",
            "1,450",
            "1,620"
        ],
        [
            "age group",
            "",
            "",
            ""
        ],
        [
            "0 to 17",
            "f",
            "f",
            "f"
        ],
        [
            "18 to 44",
            "2,130",
            "1,820",
            "2,440"
        ],
        [
            "45 to 64",
            "6,910",
            "6,450",
            "7,380"
        ],
        [
            "65 to 79",
            "2,540",
            "2,380",
            "2,700"
        ],
        [
            "65 or older",
            "300",
            "270",
            "330"
        ]
    ],
    "merged_regions": [
        {
            "first_row": 0,
            "last_row": 3,
            "first_column": 1,
            "last_column": 1
        },
        {
            "first_row": 22,
            "last_row": 22,
            "first_column": 1,
            "last_column": 3
        },
        {
            "first_row": 0,
            "last_row": 3,
            "first_column": 0,
            "last_column": 0
        },
        {
            "first_row": 19,
            "last_row": 19,
            "first_column": 1,
            "last_column": 3
        },
        {
            "first_row": 8,
            "last_row": 8,
            "first_column": 1,
            "last_column": 3
        },
        {
            "first_row": 11,
            "last_row": 11,
            "first_column": 1,
            "last_column": 3
        },
        {
            "first_row": 0,
            "last_row": 2,
            "first_column": 2,
            "last_column": 3
        },
        {
            "first_row": 4,
            "last_row": 4,
            "first_column": 1,
            "last_column": 3
        },
        {
            "first_row": 17,
            "last_row": 17,
            "first_column": 1,
            "last_column": 3
        }
    ],
    "top_header_rows_num": 5,
    "left_header_columns_num": 1
}