{
    "title": "mean age at symptom onset and at diagnosis of multiple sclerosis, by age group at symptom onset, household population aged 15 or older with multiple sclerosis, canada excluding territories, 2011",
    "top_root": {
        "row_index": -1,
        "column_index": -1,
        "children": [
            {
                "row_index": 0,
                "column_index": 1,
                "children": [
                    {
                        "row_index": 1,
                        "column_index": 1,
                        "children": []
                    },
                    {
                        "row_index": 1,
                        "column_index": 2,
                        "children": []
                    },
                    {
                        "row_index": 1,
                        "column_index": 3,
                        "children": []
                    },
                    {
                        "row_index": 1,
                        "column_index": 4,
                        "children": []
                    },
                    {
                        "row_index": 1,
                        "column_index": 5,
                        "children": []
                    }
                ]
            }
        ]
    },
    "left_root": {
        "row_index": -1,
        "column_index": -1,
        "children": [
            {
                "row_index": 2,
                "column_index": 0,
                "children": []
            },
            {
                "row_index": 3,
                "column_index": 0,
                "children": []
            },
            {
                "row_index": 4,
                "column_index": 0,
                "children": []
            }
        ]
    },
    "texts": [
        [
            "",
            "age group at symptom onset",
            "",
            "",
            "",
            ""
        ],
        [
            "",
            "15 to 19",
            "20 to 29",
            "30 to 39",
            "40 to 49",
            "50 or older"
        ],
        [
            "mean age at symptom onset",
            "15.6",
            "24.7",
            "34.2",
            "43.3",
            "56.0"
        ],
        [
            "mean age at diagnosis",
            "26.0",
            "28.9",
            "38.7",
            "45.9",
            "58.0"
        ],
        [
            "mean years between symptom onset and diagnosis",
            "10.5",
            "4.3",
            "4.5",
            "2.6",
            "2.0"
        ]
    ],
    "merged_regions": [
        {
            "first_row": 0,
            "last_row": 0,
            "first_column": 1,
            "last_column": 5
        },
        {
            "first_row": 0,
            "last_row": 1,
            "first_column": 0,
            "last_column": 0
        }
    ],
    "top_header_rows_num": 3,
    "left_header_columns_num": 1
}