{
    "title": "percentage reporting impacts on life and limitations, household population with multiple sclerosis† aged 15 or older, canada excluding territories, 2011",
    "top_root": {
        "row_index": -1,
        "column_index": -1,
        "children": [
            {
                "row_index": 0,
                "column_index": 1,
                "children": []
            },
            {
                "row_index": 0,
                "column_index": 2,
                "children": [
                    {
                        "row_index": 1,
                        "column_index": 2,
                        "children": []
                    },
                    {
                        "row_index": 1,
                        "column_index": 3,
                        "children": []
                    }
                ]
            }
        ]
    },
    "left_root": {
        "row_index": -1,
        "column_index": -1,
        "children": [
            {
                "row_index": 2,
                "column_index": 0,
                "children": [
                    {
                        "row_index": 3,
                        "column_index": 0,
                        "children": []
                    },
                    {
                        "row_index": 4,
                        "column_index": 0,
                        "children": []
                    },
                    {
                        "row_index": 5,
                        "column_index": 0,
                        "children": []
                    },
                    {
                        "row_index": 6,
                        "column_index": 0,
                        "children": []
                    },
                    {
                        "row_index": 7,
                        "column_index": 0,
                        "children": []
                    }
                ]
            },
            {
                "row_index": 8,
                "column_index": 0,
                "children": [
                    {
                        "row_index": 9,
                        "column_index": 0,
                        "children": [
                            {
                                "row_index": 10,
                                "column_index": 0,
                                "children": []
                            },
                            {
                                "row_index": 11,
                                "column_index": 0,
                                "children": []
                            },
                            {
                                "row_index": 12,
                                "column_index": 0,
                                "children": []
                            }
                        ]
                    },
                    {
                        "row_index": 13,
                        "column_index": 0,
                        "children": [
                            {
                                "row_index": 14,
                                "column_index": 0,
                                "children": []
                            },
                            {
                                "row_index": 15,
                                "column_index": 0,
                                "children": []
                            },
                            {
                                "row_index": 16,
                                "column_index": 0,
                                "children": []
                            }
                        ]
                    },
                    {
                        "row_index": 17,
                        "column_index": 0,
                        "children": [
                            {
                                "row_index": 18,
                                "column_index": 0,
                                "children": []
                            },
                            {
                                "row_index": 19,
                                "column_index": 0,
                                "children": []
                            },
                            {
                                "row_index": 20,
                                "column_index": 0,
                                "children": []
                            }
                        ]
                    },
                    {
                        "row_index": 21,
                        "column_index": 0,
                        "children": [
                            {
                                "row_index": 22,
                                "column_index": 0,
                                "children": []
                            },
                            {
                                "row_index": 23,
                                "column_index": 0,
                                "children": []
                            }
                        ]
                    }
                ]
            },
            {
                "row_index": 24,
                "column_index": 0,
                "children": [
                    {
                        "row_index": 25,
                        "column_index": 0,
                        "children": [
                            {
                                "row_index": 26,
                                "column_index": 0,
                                "children": []
                            },
                            {
                                "row_index": 27,
                                "column_index": 0,
                                "children": []
                            }
                        ]
                    },
                    {
                        "row_index": 28,
                        "column_index": 0,
                        "children": [
                            {
                                "row_index": 29,
                                "column_index": 0,
                                "children": []
                            },
                            {
                                "row_index": 30,
                                "column_index": 0,
                                "children": []
                            },
                            {
                                "row_index": 31,
                                "column_index": 0,
                                "children": []
                            }
                        ]
                    },
                    {
                        "row_index": 32,
                        "column_index": 0,
                        "children": [
                            {
                                "row_index": 33,
                                "column_index": 0,
                                "children": []
                            },
                            {
                                "row_index": 34,
                                "column_index": 0,
                                "children": []
                            },
                            {
                                "row_index": 35,
                                "column_index": 0,
                                "children": []
                            }
                        ]
                    }
                ]
            },
            {
                "row_index": 36,
                "column_index": 0,
                "children": [
                    {
                        "row_index": 37,
                        "column_index": 0,
                        "children": [
                            {
                                "row_index": 38,
                                "column_index": 0,
                                "children": []
                            },
                            {
                                "row_index": 39,
                                "column_index": 0,
                                "children": []
                            }
                        ]
                    },
                    {
                        "row_index": 40,
                        "column_index": 0,
                        "children": [
                            {
                                "row_index": 41,
                                "column_index": 0,
                                "children": []
                            },
                            {
                                "row_index": 42,
                                "column_index": 0,
                                "children": []
                            }
                        ]
                    },
                    {
                        "row_index": 43,
                        "column_index": 0,
                        "children": [
                            {
                                "row_index": 44,
                                "column_index": 0,
                                "children": []
                            },
                            {
                                "row_index": 45,
                                "column_index": 0,
                                "children": []
                            }
                        ]
                    },
                    {
                        "row_index": 46,
                        "column_index": 0,
                        "children": [
                            {
                                "row_index": 47,
                                "column_index": 0,
                                "children": []
                            },
                            {
                                "row_index": 48,
                                "column_index": 0,
                                "children": []
                            }
                        ]
                    },
                    {
                        "row_index": 49,
                        "column_index": 0,
                        "children": [
                            {
                                "row_index": 50,
                                "column_index": 0,
                                "children": []
                            },
                            {
                                "row_index": 51,
                                "column_index": 0,
                                "children": []
                            }
                        ]
                    }
                ]
            }
        ]
    },
    "texts": [
        [
            "impact on life/limitation",
            "%",
            "95% confidence interval",
            ""
        ],
        [
            "",
            "",
            "from",
            "to"
        ],
        [
            "overall, how much multiple sclerosis affects life",
            "",
            "",
            ""
        ],
        [
            "not at all",
            "14.4",
            "9.1",
            "22.1"
        ],
        [
            "a little bit",
            "21.7",
            "15.8",
            "29.2"
        ],
        [
            "moderately",
            "24.0",
            "18.1",
            "31.2"
        ],
        [
            "quite a bit",
            "20.3",
            "15.2",
            "26.6"
        ],
        [
            "extremely",
            "19.5",
            "13.2",
            "27.8"
        ],
        [
            "functional impact",
            "",
            "",
            ""
        ],
        [
            "mobility",
            "",
            "",
            ""
        ],
        [
            "able to walk without aid",
            "57.0",
            "48.1",
            "65.5"
        ],
        [
            "able to walk with aid",
            "31.2",
            "24.1",
            "39.4"
        ],
        [
            "unable to walk",
            "11.8",
            "7.2",
            "18.8"
        ],
        [
            "pain",
            "",
            "",
            ""
        ],
        [
            "usually free of pain",
            "53.5",
            "43.8",
            "62.9"
        ],
        [
            "pain prevents none/a few activities",
            "21.1",
            "15.6",
            "27.8"
        ],
        [
            "pain prevents some/most activities",
            "25.5",
            "18.0",
            "34.6"
        ],
        [
            "limited getting a good night's sleep",
            "",
            "",
            ""
        ],
        [
            "not at all",
            "37.8",
            "31.0",
            "45.1"
        ],
        [
            "a little bit/moderately",
            "35.5",
            "28.0",
            "43.8"
        ],
        [
            "quite a bit/extremely",
            "26.7",
            "19.9",
            "34.9"
        ],
        [
            "cognition",
            "",
            "",
            ""
        ],
        [
            "able to remember and think",
            "49.9",
            "42.5",
            "57.4"
        ],
        [
            "at least some difficulty remembering and thinking",
            "50.1",
            "42.6",
            "57.5"
        ],
        [
            "social impact",
            "",
            "",
            ""
        ],
        [
            "prevented from driving",
            "",
            "",
            ""
        ],
        [
            "yes",
            "29.8",
            "23.4",
            "37.0"
        ],
        [
            "no",
            "70.2",
            "63.0",
            "76.6"
        ],
        [
            "limited educational opportunities",
            "",
            "",
            ""
        ],
        [
            "not at all",
            "67.8",
            "60.5",
            "74.3"
        ],
        [
            "a little bit/moderately",
            "17.6",
            "12.4",
            "24.5"
        ],
        [
            "quite a bit/extremely",
            "14.6",
            "10.4",
            "20.2"
        ],
        [
            "limited job opportunities",
            "",
            "",
            ""
        ],
        [
            "not at all",
            "41.8",
            "34.3",
            "49.8"
        ],
        [
            "a little bit/moderately",
            "13.9",
            "9.5",
            "19.9"
        ],
        [
            "quite a bit/extremely",
            "44.2",
            "36.0",
            "52.8"
        ],
        [
            "social interactions",
            "",
            "",
            ""
        ],
        [
            "negative feelings about social interactions",
            "",
            "",
            ""
        ],
        [
            "sometimes/often/always",
            "43.1",
            "34.7",
            "52.0"
        ],
        [
            "rarely/never",
            "56.9",
            "48.0",
            "65.3"
        ],
        [
            "embarrassed",
            "",
            "",
            ""
        ],
        [
            "sometimes/often/always",
            "27.5",
            "20.6",
            "35.8"
        ],
        [
            "rarely/never",
            "72.5",
            "64.2",
            "79.4"
        ],
        [
            "people felt uncomfortable around me",
            "",
            "",
            ""
        ],
        [
            "sometimes/often/always",
            "18.5",
            "13.5",
            "24.8"
        ],
        [
            "rarely/never",
            "81.5",
            "75.2",
            "86.5"
        ],
        [
            "felt left out",
            "",
            "",
            ""
        ],
        [
            "sometimes/often/always",
            "31.1",
            "23.6",
            "39.8"
        ],
        [
            "rarely/never",
            "68.9",
            "60.2",
            "76.4"
        ],
        [
            "some people avoided me",
            "",
            "",
            ""
        ],
        [
            "sometimes/often/always",
            "13.9",
            "8.4",
            "21.9"
        ],
        [
            "rarely/never",
            "86.1",
            "78.1",
            "91.6"
        ]
    ],
    "merged_regions": [
        {
            "first_row": 49,
            "last_row": 49,
            "first_column": 1,
            "last_column": 3
        },
        {
            "first_row": 36,
            "last_row": 36,
            "first_column": 1,
            "last_column": 3
        },
        {
            "first_row": 32,
            "last_row": 32,
            "first_column": 1,
            "last_column": 3
        },
        {
            "first_row": 37,
            "last_row": 37,
            "first_column": 1,
            "last_column": 3
        },
        {
            "first_row": 0,
            "last_row": 1,
            "first_column": 1,
            "last_column": 1
        },
        {
            "first_row": 0,
            "last_row": 1,
            "first_column": 0,
            "last_column": 0
        },
        {
            "first_row": 9,
            "last_row": 9,
            "first_column": 1,
            "last_column": 3
        },
        {
            "first_row": 25,
            "last_row": 25,
            "first_column": 1,
            "last_column": 3
        },
        {
            "first_row": 2,
            "last_row": 2,
            "first_column": 1,
            "last_column": 3
        },
        {
            "first_row": 0,
            "last_row": 0,
            "first_column": 2,
            "last_column": 3
        },
        {
            "first_row": 43,
            "last_row": 43,
            "first_column": 1,
            "last_column": 3
        },
        {
            "first_row": 46,
            "last_row": 46,
            "first_column": 1,
            "last_column": 3
        },
        {
            "first_row": 8,
            "last_row": 8,
            "first_column": 1,
            "last_column": 3
        },
        {
            "first_row": 24,
            "last_row": 24,
            "first_column": 1,
            "last_column": 3
        },
        {
            "first_row": 13,
            "last_row": 13,
            "first_column": 1,
            "last_column": 3
        },
        {
            "first_row": 40,
            "last_row": 40,
            "first_column": 1,
            "last_column": 3
        },
        {
            "first_row": 21,
            "last_row": 21,
            "first_column": 1,
            "last_column": 3
        },
        {
            "first_row": 28,
            "last_row": 28,
            "first_column": 1,
            "last_column": 3
        },
        {
            "first_row": 17,
            "last_row": 17,
            "first_column": 1,
            "last_column": 3
        }
    ],
    "top_header_rows_num": 3,
    "left_header_columns_num": 1
}