{
    "title": "career statistics",
    "top_root": {
        "row_index": -1,
        "column_index": -1,
        "children": [
            {
                "row_index": 0,
                "column_index": 2,
                "children": [
                    {
                        "row_index": 1,
                        "column_index": 2,
                        "children": []
                    },
                    {
                        "row_index": 1,
                        "column_index": 3,
                        "children": []
                    },
                    {
                        "row_index": 1,
                        "column_index": 4,
                        "children": []
                    }
                ]
            },
            {
                "row_index": 0,
                "column_index": 5,
                "children": [
                    {
                        "row_index": 1,
                        "column_index": 5,
                        "children": []
                    },
                    {
                        "row_index": 1,
                        "column_index": 6,
                        "children": []
                    }
                ]
            },
            {
                "row_index": 0,
                "column_index": 7,
                "children": [
                    {
                        "row_index": 1,
                        "column_index": 7,
                        "children": []
                    },
                    {
                        "row_index": 1,
                        "column_index": 8,
                        "children": []
                    }
                ]
            },
            {
                "row_index": 0,
                "column_index": 9,
                "children": [
                    {
                        "row_index": 1,
                        "column_index": 9,
                        "children": []
                    },
                    {
                        "row_index": 1,
                        "column_index": 10,
                        "children": []
                    }
                ]
            }
        ]
    },
    "left_root": {
        "row_index": -1,
        "column_index": -1,
        "children": [
            {
                "row_index": 2,
                "column_index": 0,
                "children": [
                    {
                        "row_index": 2,
                        "column_index": 1,
                        "children": []
                    },
                    {
                        "row_index": 3,
                        "column_index": 1,
                        "children": []
                    },
                    {
                        "row_index": 4,
                        "column_index": 1,
                        "children": []
                    },
                    {
                        "row_index": 5,
                        "column_index": 1,
                        "children": []
                    },
                    {
                        "row_index": 6,
                        "column_index": 1,
                        "children": []
                    },
                    {
                        "row_index": 7,
                        "column_index": 1,
                        "children": []
                    },
                    {
                        "row_index": 8,
                        "column_index": 1,
                        "children": []
                    },
                    {
                        "row_index": 9,
                        "column_index": 1,
                        "children": []
                    },
                    {
                        "row_index": 10,
                        "column_index": 1,
                        "children": []
                    },
                    {
                        "row_index": 11,
                        "column_index": 1,
                        "children": []
                    }
                ]
            },
            {
                "row_index": 12,
                "column_index": 0,
                "children": []
            }
        ]
    },
    "texts": [
        [
            "club",
            "season",
            "league",
            "",
            "",
            "fa cup",
            "",
            "league cup",
            "",
            "total",
            ""
        ],
        [
            "",
            "",
            "division",
            "apps",
            "goals",
            "apps",
            "goals",
            "apps",
            "goals",
            "apps",
            "goals"
        ],
        [
            "colchester united",
            "1955-56",
            "third division south",
            "44",
            "0",
            "1",
            "0",
            "-",
            "",
            "45",
            "0"
        ],
        [
            "",
            "1956-57",
            "",
            "46",
            "0",
            "1",
            "0",
            "-",
            "",
            "47",
            "0"
        ],
        [
            "",
            "1957-58",
            "",
            "46",
            "0",
            "1",
            "0",
            "-",
            "",
            "47",
            "0"
        ],
        [
            "",
            "1958-59",
            "third division",
            "46",
            "0",
            "6",
            "0",
            "-",
            "",
            "52",
            "0"
        ],
        [
            "",
            "1959-60",
            "",
            "46",
            "0",
            "1",
            "0",
            "-",
            "",
            "47",
            "0"
        ],
        [
            "",
            "1960-61",
            "",
            "45",
            "0",
            "2",
            "0",
            "2",
            "0",
            "49",
            "0"
        ],
        [
            "",
            "1961-62",
            "fourth division",
            "44",
            "0",
            "3",
            "0",
            "1",
            "0",
            "48",
            "0"
        ],
        [
            "",
            "1962-63",
            "third division",
            "34",
            "0",
            "1",
            "0",
            "2",
            "0",
            "37",
            "0"
        ],
        [
            "",
            "1963-64",
            "",
            "20",
            "0",
            "0",
            "0",
            "0",
            "0",
            "20",
            "0"
        ],
        [
            "",
            "1964-65",
            "",
            "26",
            "0",
            "2",
            "0",
            "2",
            "0",
            "30",
            "0"
        ],
        [
            "career total",
            "",
            "",
            "397",
            "0",
            "18",
            "0",
            "7",
            "0",
            "422",
            "0"
        ]
    ],
    "merged_regions": [
        {
            "first_row": 2,
            "last_row": 4,
            "first_column": 2,
            "last_column": 2
        },
        {
            "first_row": 2,
            "last_row": 11,
            "first_column": 0,
            "last_column": 0
        },
        {
            "first_row": 0,
            "last_row": 0,
            "first_column": 5,
            "last_column": 6
        },
        {
            "first_row": 0,
            "last_row": 0,
            "first_column": 2,
            "last_column": 4
        },
        {
            "first_row": 0,
            "last_row": 0,
            "first_column": 7,
            "last_column": 8
        },
        {
            "first_row": 0,
            "last_row": 1,
            "first_column": 1,
            "last_column": 1
        },
        {
            "first_row": 3,
            "last_row": 3,
            "first_column": 7,
            "last_column": 8
        },
        {
            "first_row": 0,
            "last_row": 0,
            "first_column": 9,
            "last_column": 10
        },
        {
            "first_row": 2,
            "last_row": 2,
            "first_column": 7,
            "last_column": 8
        },
        {
            "first_row": 0,
            "last_row": 1,
            "first_column": 0,
            "last_column": 0
        },
        {
            "first_row": 5,
            "last_row": 5,
            "first_column": 7,
            "last_column": 8
        },
        {
            "first_row": 4,
            "last_row": 4,
            "first_column": 7,
            "last_column": 8
        },
        {
            "first_row": 9,
            "last_row": 11,
            "first_column": 2,
            "last_column": 2
        },
        {
            "first_row": 5,
            "last_row": 7,
            "first_column": 2,
            "last_column": 2
        },
        {
            "first_row": 12,
            "last_row": 12,
            "first_column": 0,
            "last_column": 2
        },
        {
            "first_row": 6,
            "last_row": 6,
            "first_column": 7,
            "last_column": 8
        }
    ],
    "top_header_rows_num": 3,
    "left_header_columns_num": 1
}