{
    "title": "police-reported criminal code incidents involving at least one offence against the administration of justice, by most serious violation, canada, 2014",
    "top_root": {
        "row_index": -1,
        "column_index": -1,
        "children": [
            {
                "row_index": 0,
                "column_index": 1,
                "children": [
                    {
                        "row_index": 1,
                        "column_index": 1,
                        "children": []
                    }
                ]
            },
            {
                "row_index": 0,
                "column_index": 2,
                "children": []
            },
            {
                "row_index": 0,
                "column_index": 3,
                "children": []
            },
            {
                "row_index": 0,
                "column_index": 4,
                "children": []
            },
            {
                "row_index": 0,
                "column_index": 5,
                "children": []
            },
            {
                "row_index": 0,
                "column_index": 6,
                "children": [
                    {
                        "row_index": 1,
                        "column_index": 6,
                        "children": []
                    }
                ]
            }
        ]
    },
    "left_root": {
        "row_index": -1,
        "column_index": -1,
        "children": [
            {
                "row_index": 2,
                "column_index": 0,
                "children": [
                    {
                        "row_index": 3,
                        "column_index": 0,
                        "children": []
                    },
                    {
                        "row_index": 4,
                        "column_index": 0,
                        "children": []
                    },
                    {
                        "row_index": 5,
                        "column_index": 0,
                        "children": []
                    },
                    {
                        "row_index": 6,
                        "column_index": 0,
                        "children": []
                    },
                    {
                        "row_index": 7,
                        "column_index": 0,
                        "children": []
                    },
                    {
                        "row_index": 8,
                        "column_index": 0,
                        "children": []
                    }
                ]
            },
            {
                "row_index": 9,
                "column_index": 0,
                "children": []
            },
            {
                "row_index": 10,
                "column_index": 0,
                "children": []
            },
            {
                "row_index": 11,
                "column_index": 0,
                "children": []
            },
            {
                "row_index": 12,
                "column_index": 0,
                "children": []
            }
        ]
    },
    "texts": [
        [
            "most serious violation",
            "incidents without an offence against the administration of justice",
            "incident includes a youth criminal justice act violation",
            "incident includes an offence against the administration of justice",
            "incident includes an offence against the administration of justice and a youth criminal justice act violation",
            "total incidents",
            "percent of incidents that include offence against the administration of justice"
        ],
        [
            "",
            "number",
            "",
            "",
            "",
            "",
            "percent"
        ],
        [
            "total crimes against the person",
            "300,558",
            "1,339",
            "23,093",
            "358",
            "325,348",
            "7.6"
        ],
        [
            "violations causing death",
            "554",
            "0",
            "4",
            "0",
            "558",
            "0.7"
        ],
        [
            "attempting the commission of a capital crime",
            "518",
            "4",
            "30",
            "1",
            "553",
            "6.3"
        ],
        [
            "sexual violations",
            "23,036",
            "40",
            "630",
            "8",
            "23,714",
            "2.9"
        ],
        [
            "assaults",
            "172,431",
            "933",
            "15,451",
            "249",
            "189,064",
            "8.8"
        ],
        [
            "violations resulting in the deprivation of freedom",
            "2,932",
            "11",
            "404",
            "1",
            "3,348",
            "12.4"
        ],
        [
            "other violations involving violence or the threat of violence",
            "101,087",
            "351",
            "6,574",
            "99",
            "108,111",
            "6.5"
        ],
        [
            "offences against the administration of justice",
            "0",
            "0",
            "168,679",
            "1,816",
            "170,495",
            "100.0"
        ],
        [
            "property crime",
            "1,064,004",
            "1,519",
            "20,126",
            "437",
            "1,086,086",
            "2.0"
        ],
        [
            "other criminal code",
            "150,627",
            "356",
            "3,404",
            "98",
            "154,485",
            "2.5"
        ],
        [
            "total incidents",
            "1,515,189",
            "3,214",
            "215,302",
            "2,709",
            "1,736,414",
            "12.7"
        ]
    ],
    "merged_regions": [
        {
            "first_row": 1,
            "last_row": 1,
            "first_column": 1,
            "last_column": 5
        },
        {
            "first_row": 0,
            "last_row": 1,
            "first_column": 0,
            "last_column": 0
        }
    ],
    "top_header_rows_num": 3,
    "left_header_columns_num": 1
}