{
    "title": "career statistics",
    "top_root": {
        "row_index": -1,
        "column_index": -1,
        "children": [
            {
                "row_index": 0,
                "column_index": 2,
                "children": [
                    {
                        "row_index": 1,
                        "column_index": 2,
                        "children": []
                    },
                    {
                        "row_index": 1,
                        "column_index": 3,
                        "children": []
                    },
                    {
                        "row_index": 1,
                        "column_index": 4,
                        "children": []
                    }
                ]
            },
            {
                "row_index": 0,
                "column_index": 5,
                "children": [
                    {
                        "row_index": 1,
                        "column_index": 5,
                        "children": []
                    },
                    {
                        "row_index": 1,
                        "column_index": 6,
                        "children": []
                    }
                ]
            },
            {
                "row_index": 0,
                "column_index": 7,
                "children": [
                    {
                        "row_index": 1,
                        "column_index": 7,
                        "children": []
                    },
                    {
                        "row_index": 1,
                        "column_index": 8,
                        "children": []
                    }
                ]
            },
            {
                "row_index": 0,
                "column_index": 9,
                "children": [
                    {
                        "row_index": 1,
                        "column_index": 9,
                        "children": []
                    },
                    {
                        "row_index": 1,
                        "column_index": 10,
                        "children": []
                    }
                ]
            },
            {
                "row_index": 0,
                "column_index": 11,
                "children": [
                    {
                        "row_index": 1,
                        "column_index": 11,
                        "children": []
                    },
                    {
                        "row_index": 1,
                        "column_index": 12,
                        "children": []
                    }
                ]
            }
        ]
    },
    "left_root": {
        "row_index": -1,
        "column_index": -1,
        "children": [
            {
                "row_index": 2,
                "column_index": 0,
                "children": [
                    {
                        "row_index": 2,
                        "column_index": 1,
                        "children": []
                    },
                    {
                        "row_index": 3,
                        "column_index": 1,
                        "children": []
                    },
                    {
                        "row_index": 4,
                        "column_index": 1,
                        "children": []
                    }
                ]
            },
            {
                "row_index": 5,
                "column_index": 0,
                "children": [
                    {
                        "row_index": 5,
                        "column_index": 1,
                        "children": []
                    },
                    {
                        "row_index": 6,
                        "column_index": 1,
                        "children": []
                    },
                    {
                        "row_index": 7,
                        "column_index": 1,
                        "children": []
                    }
                ]
            },
            {
                "row_index": 8,
                "column_index": 0,
                "children": [
                    {
                        "row_index": 8,
                        "column_index": 1,
                        "children": []
                    }
                ]
            },
            {
                "row_index": 9,
                "column_index": 0,
                "children": []
            }
        ]
    },
    "texts": [
        [
            "club",
            "season",
            "league",
            "",
            "",
            "national cup",
            "",
            "league cup",
            "",
            "other",
            "",
            "total",
            ""
        ],
        [
            "",
            "",
            "division",
            "apps",
            "goals",
            "apps",
            "goals",
            "apps",
            "goals",
            "apps",
            "goals",
            "apps",
            "goals"
        ],
        [
            "sacramento republic",
            "2016",
            "united soccer league",
            "8",
            "1",
            "1",
            "0",
            "0",
            "0",
            "0",
            "0",
            "9",
            "1"
        ],
        [
            "",
            "2017",
            "united soccer league",
            "13",
            "1",
            "1",
            "1",
            "0",
            "0",
            "0",
            "0",
            "14",
            "2"
        ],
        [
            "",
            "total",
            "",
            "21",
            "2",
            "2",
            "1",
            "0",
            "0",
            "0",
            "0",
            "23",
            "3"
        ],
        [
            "leek town",
            "2017-18",
            "northern premier league division one south",
            "33",
            "11",
            "0",
            "0",
            "1",
            "0",
            "4",
            "2",
            "38",
            "13"
        ],
        [
            "",
            "2018-19",
            "northern premier league division one west",
            "18",
            "7",
            "4",
            "4",
            "1",
            "0",
            "1",
            "0",
            "24",
            "11"
        ],
        [
            "",
            "total",
            "",
            "51",
            "18",
            "4",
            "4",
            "2",
            "0",
            "5",
            "2",
            "62",
            "24"
        ],
        [
            "port vale",
            "2018-19",
            "efl league two",
            "0",
            "0",
            "0",
            "0",
            "0",
            "0",
            "0",
            "0",
            "0",
            "0"
        ],
        [
            "career total",
            "",
            "",
            "72",
            "20",
            "6",
            "5",
            "2",
            "0",
            "5",
            "2",
            "85",
            "27"
        ]
    ],
    "merged_regions": [
        {
            "first_row": 0,
            "last_row": 0,
            "first_column": 5,
            "last_column": 6
        },
        {
            "first_row": 0,
            "last_row": 0,
            "first_column": 2,
            "last_column": 4
        },
        {
            "first_row": 7,
            "last_row": 7,
            "first_column": 1,
            "last_column": 2
        },
        {
            "first_row": 0,
            "last_row": 0,
            "first_column": 7,
            "last_column": 8
        },
        {
            "first_row": 0,
            "last_row": 0,
            "first_column": 11,
            "last_column": 12
        },
        {
            "first_row": 0,
            "last_row": 1,
            "first_column": 1,
            "last_column": 1
        },
        {
            "first_row": 2,
            "last_row": 4,
            "first_column": 0,
            "last_column": 0
        },
        {
            "first_row": 0,
            "last_row": 0,
            "first_column": 9,
            "last_column": 10
        },
        {
            "first_row": 5,
            "last_row": 7,
            "first_column": 0,
            "last_column": 0
        },
        {
            "first_row": 0,
            "last_row": 1,
            "first_column": 0,
            "last_column": 0
        },
        {
            "first_row": 9,
            "last_row": 9,
            "first_column": 0,
            "last_column": 2
        },
        {
            "first_row": 4,
            "last_row": 4,
            "first_column": 1,
            "last_column": 2
        }
    ],
    "top_header_rows_num": 3,
    "left_header_columns_num": 1
}