"club","season","league","","","national cup","","league cup","","other","","total",""
"","","division","apps","goals","apps","goals","apps","goals","apps","goals","apps","goals"
"sacramento republic","2016","united soccer league","8","1","1","0","0","0","0","0","9","1"
"","2017","united soccer league","13","1","1","1","0","0","0","0","14","2"
"","total","","21","2","2","1","0","0","0","0","23","3"
"leek town","2017-18","northern premier league division one south","33","11","0","0","1","0","4","2","38","13"
"","2018-19","northern premier league division one west","18","7","4","4","1","0","1","0","24","11"
"","total","","51","18","4","4","2","0","5","2","62","24"
"port vale","2018-19","efl league two","0","0","0","0","0","0","0","0","0","0"
"career total","","","72","20","6","5","2","0","5","2","85","27"
