"year","song","peak chart positions","","","","","album"
"","","can alt","can rock","us alt","us main","us rock",""
"2011","old man","13","19","17","26","24","something for the pain"
"","bullet in my hand","35","15","28","3","12",""
"2012","comeback","-","-","-","18","36",""
"2013","born to rise","-","31","-","9","30","irons in the fire"
"2014","times are hard","-","21","-","10","31",""
"","devil's dance","-","-","-","34","-",""
""-" denotes a release that did not chart","","","","","","",""
