{
    "title": "singles",
    "top_root": {
        "row_index": -1,
        "column_index": -1,
        "children": [
            {
                "row_index": 0,
                "column_index": 2,
                "children": [
                    {
                        "row_index": 1,
                        "column_index": 2,
                        "children": []
                    },
                    {
                        "row_index": 1,
                        "column_index": 3,
                        "children": []
                    },
                    {
                        "row_index": 1,
                        "column_index": 4,
                        "children": []
                    },
                    {
                        "row_index": 1,
                        "column_index": 5,
                        "children": []
                    },
                    {
                        "row_index": 1,
                        "column_index": 6,
                        "children": []
                    }
                ]
            },
            {
                "row_index": 0,
                "column_index": 7,
                "children": []
            }
        ]
    },
    "left_root": {
        "row_index": -1,
        "column_index": -1,
        "children": [
            {
                "row_index": 2,
                "column_index": 0,
                "children": [
                    {
                        "row_index": 2,
                        "column_index": 1,
                        "children": []
                    },
                    {
                        "row_index": 3,
                        "column_index": 1,
                        "children": []
                    }
                ]
            },
            {
                "row_index": 4,
                "column_index": 0,
                "children": [
                    {
                        "row_index": 4,
                        "column_index": 1,
                        "children": []
                    }
                ]
            },
            {
                "row_index": 5,
                "column_index": 0,
                "children": [
                    {
                        "row_index": 5,
                        "column_index": 1,
                        "children": []
                    }
                ]
            },
            {
                "row_index": 6,
                "column_index": 0,
                "children": [
                    {
                        "row_index": 6,
                        "column_index": 1,
                        "children": []
                    },
                    {
                        "row_index": 7,
                        "column_index": 1,
                        "children": []
                    }
                ]
            },
            {
                "row_index": 8,
                "column_index": 0,
                "children": []
            }
        ]
    },
    "texts": [
        [
            "year",
            "song",
            "peak chart positions",
            "",
            "",
            "",
            "",
            "album"
        ],
        [
            "",
            "",
            "can alt",
            "can rock",
            "us alt",
            "us main",
            "us rock",
            ""
        ],
        [
            "2011",
            "old man",
            "13",
            "19",
            "17",
            "26",
            "24",
            "something for the pain"
        ],
        [
            "",
            "bullet in my hand",
            "35",
            "15",
            "28",
            "3",
            "12",
            ""
        ],
        [
            "2012",
            "comeback",
            "-",
            "-",
            "-",
            "18",
            "36",
            ""
        ],
        [
            "2013",
            "born to rise",
            "-",
            "31",
            "-",
            "9",
            "30",
            "irons in the fire"
        ],
        [
            "2014",
            "times are hard",
            "-",
            "21",
            "-",
            "10",
            "31",
            ""
        ],
        [
            "",
            "devil's dance",
            "-",
            "-",
            "-",
            "34",
            "-",
            ""
        ],
        [
            "\"-\" denotes a release that did not chart",
            "",
            "",
            "",
            "",
            "",
            "",
            ""
        ]
    ],
    "merged_regions": [
        {
            "first_row": 0,
            "last_row": 1,
            "first_column": 7,
            "last_column": 7
        },
        {
            "first_row": 8,
            "last_row": 8,
            "first_column": 0,
            "last_column": 7
        },
        {
            "first_row": 0,
            "last_row": 1,
            "first_column": 1,
            "last_column": 1
        },
        {
            "first_row": 6,
            "last_row": 7,
            "first_column": 0,
            "last_column": 0
        },
        {
            "first_row": 2,
            "last_row": 4,
            "first_column": 7,
            "last_column": 7
        },
        {
            "first_row": 0,
            "last_row": 1,
            "first_column": 0,
            "last_column": 0
        },
        {
            "first_row": 0,
            "last_row": 0,
            "first_column": 2,
            "last_column": 6
        },
        {
            "first_row": 2,
            "last_row": 3,
            "first_column": 0,
            "last_column": 0
        },
        {
            "first_row": 5,
            "last_row": 7,
            "first_column": 7,
            "last_column": 7
        }
    ],
    "top_header_rows_num": 3,
    "left_header_columns_num": 1
}