{
    "title": "frequency of social contacts with relatives (excluding members of the same household), 2003, 2008 and 2013",
    "top_root": {
        "row_index": -1,
        "column_index": -1,
        "children": [
            {
                "row_index": 0,
                "column_index": 1,
                "children": [
                    {
                        "row_index": 1,
                        "column_index": 1,
                        "children": []
                    },
                    {
                        "row_index": 1,
                        "column_index": 2,
                        "children": []
                    },
                    {
                        "row_index": 1,
                        "column_index": 3,
                        "children": []
                    }
                ]
            },
            {
                "row_index": 0,
                "column_index": 4,
                "children": [
                    {
                        "row_index": 1,
                        "column_index": 4,
                        "children": []
                    },
                    {
                        "row_index": 1,
                        "column_index": 5,
                        "children": []
                    },
                    {
                        "row_index": 1,
                        "column_index": 6,
                        "children": []
                    }
                ]
            }
        ]
    },
    "left_root": {
        "row_index": -1,
        "column_index": -1,
        "children": [
            {
                "row_index": 2,
                "column_index": 1,
                "children": [
                    {
                        "row_index": 3,
                        "column_index": 0,
                        "children": [
                            {
                                "row_index": 4,
                                "column_index": 0,
                                "children": []
                            },
                            {
                                "row_index": 5,
                                "column_index": 0,
                                "children": []
                            }
                        ]
                    },
                    {
                        "row_index": 6,
                        "column_index": 0,
                        "children": [
                            {
                                "row_index": 7,
                                "column_index": 0,
                                "children": []
                            },
                            {
                                "row_index": 8,
                                "column_index": 0,
                                "children": []
                            },
                            {
                                "row_index": 9,
                                "column_index": 0,
                                "children": []
                            },
                            {
                                "row_index": 10,
                                "column_index": 0,
                                "children": []
                            },
                            {
                                "row_index": 11,
                                "column_index": 0,
                                "children": []
                            },
                            {
                                "row_index": 12,
                                "column_index": 0,
                                "children": []
                            },
                            {
                                "row_index": 13,
                                "column_index": 0,
                                "children": []
                            }
                        ]
                    },
                    {
                        "row_index": 14,
                        "column_index": 0,
                        "children": [
                            {
                                "row_index": 15,
                                "column_index": 0,
                                "children": []
                            },
                            {
                                "row_index": 16,
                                "column_index": 0,
                                "children": []
                            },
                            {
                                "row_index": 17,
                                "column_index": 0,
                                "children": []
                            },
                            {
                                "row_index": 18,
                                "column_index": 0,
                                "children": []
                            },
                            {
                                "row_index": 19,
                                "column_index": 0,
                                "children": []
                            },
                            {
                                "row_index": 20,
                                "column_index": 0,
                                "children": []
                            },
                            {
                                "row_index": 21,
                                "column_index": 0,
                                "children": []
                            },
                            {
                                "row_index": 22,
                                "column_index": 0,
                                "children": []
                            },
                            {
                                "row_index": 23,
                                "column_index": 0,
                                "children": []
                            },
                            {
                                "row_index": 24,
                                "column_index": 0,
                                "children": []
                            }
                        ]
                    }
                ]
            }
        ]
    },
    "texts": [
        [
            "",
            "people who saw relatives a few times or more a week",
            "",
            "",
            "people who contacted relatives a few times or more a week",
            "",
            ""
        ],
        [
            "",
            "2003",
            "2008",
            "2013",
            "2003",
            "2008",
            "2013"
        ],
        [
            "",
            "percentage",
            "",
            "",
            "",
            "",
            ""
        ],
        [
            "total",
            "38",
            "26",
            "26",
            "60",
            "54",
            "54"
        ],
        [
            "men",
            "34",
            "23",
            "23",
            "51",
            "46",
            "45"
        ],
        [
            "women",
            "42",
            "29",
            "29",
            "69",
            "62",
            "63"
        ],
        [
            "age group",
            "",
            "",
            "",
            "",
            "",
            ""
        ],
        [
            "15 to 24 years",
            "34",
            "20",
            "24",
            "52",
            "44",
            "40"
        ],
        [
            "25 to 34 years",
            "40",
            "28",
            "26",
            "68",
            "63",
            "59"
        ],
        [
            "35 to 44 years",
            "37",
            "25",
            "23",
            "62",
            "59",
            "57"
        ],
        [
            "45 to 54 years",
            "36",
            "24",
            "24",
            "59",
            "53",
            "53"
        ],
        [
            "55 to 64 years",
            "40",
            "27",
            "28",
            "61",
            "53",
            "57"
        ],
        [
            "65 to 74 years",
            "43",
            "32",
            "30",
            "61",
            "53",
            "57"
        ],
        [
            "75 years and older",
            "45",
            "32",
            "32",
            "59",
            "51",
            "54"
        ],
        [
            "province",
            "",
            "",
            "",
            "",
            "",
            ""
        ],
        [
            "newfoundland and labrador",
            "60",
            "44",
            "47",
            "75",
            "66",
            "65"
        ],
        [
            "prince edward island",
            "58",
            "39",
            "40",
            "67",
            "60",
            "58"
        ],
        [
            "nova scotia",
            "49",
            "34",
            "35",
            "68",
            "58",
            "59"
        ],
        [
            "new brunswick",
            "55",
            "37",
            "38",
            "70",
            "58",
            "60"
        ],
        [
            "quebec",
            "41",
            "30",
            "32",
            "61",
            "56",
            "59"
        ],
        [
            "ontario",
            "35",
            "23",
            "23",
            "59",
            "53",
            "53"
        ],
        [
            "manitoba",
            "43",
            "29",
            "27",
            "61",
            "54",
            "48"
        ],
        [
            "saskatchewan",
            "42",
            "30",
            "26",
            "61",
            "58",
            "52"
        ],
        [
            "alberta",
            "34",
            "24",
            "22",
            "60",
            "54",
            "50"
        ],
        [
            "british columbia",
            "34",
            "21",
            "21",
            "58",
            "51",
            "48"
        ]
    ],
    "merged_regions": [
        {
            "first_row": 2,
            "last_row": 2,
            "first_column": 1,
            "last_column": 6
        },
        {
            "first_row": 0,
            "last_row": 0,
            "first_column": 1,
            "last_column": 3
        },
        {
            "first_row": 14,
            "last_row": 14,
            "first_column": 1,
            "last_column": 6
        },
        {
            "first_row": 0,
            "last_row": 2,
            "first_column": 0,
            "last_column": 0
        },
        {
            "first_row": 0,
            "last_row": 0,
            "first_column": 4,
            "last_column": 6
        },
        {
            "first_row": 6,
            "last_row": 6,
            "first_column": 1,
            "last_column": 6
        }
    ],
    "top_header_rows_num": 3,
    "left_header_columns_num": 1
}