{
    "title": "women",
    "top_root": {
        "row_index": -1,
        "column_index": -1,
        "children": [
            {
                "row_index": 0,
                "column_index": 2,
                "children": [
                    {
                        "row_index": 1,
                        "column_index": 2,
                        "children": []
                    },
                    {
                        "row_index": 1,
                        "column_index": 3,
                        "children": []
                    }
                ]
            },
            {
                "row_index": 0,
                "column_index": 4,
                "children": [
                    {
                        "row_index": 1,
                        "column_index": 4,
                        "children": []
                    },
                    {
                        "row_index": 1,
                        "column_index": 5,
                        "children": []
                    }
                ]
            },
            {
                "row_index": 0,
                "column_index": 6,
                "children": [
                    {
                        "row_index": 1,
                        "column_index": 6,
                        "children": []
                    },
                    {
                        "row_index": 1,
                        "column_index": 7,
                        "children": []
                    }
                ]
            }
        ]
    },
    "left_root": {
        "row_index": -1,
        "column_index": -1,
        "children": [
            {
                "row_index": 2,
                "column_index": 0,
                "children": [
                    {
                        "row_index": 2,
                        "column_index": 1,
                        "children": []
                    }
                ]
            },
            {
                "row_index": 3,
                "column_index": 0,
                "children": [
                    {
                        "row_index": 3,
                        "column_index": 1,
                        "children": []
                    }
                ]
            },
            {
                "row_index": 4,
                "column_index": 0,
                "children": [
                    {
                        "row_index": 4,
                        "column_index": 1,
                        "children": []
                    }
                ]
            }
        ]
    },
    "texts": [
        [
            "athlete",
            "event",
            "heat",
            "",
            "semifinal",
            "",
            "final",
            ""
        ],
        [
            "",
            "",
            "result",
            "rank",
            "result",
            "rank",
            "result",
            "rank"
        ],
        [
            "janet achola",
            "1500 m",
            "4:11.64",
            "11",
            "did not advance",
            "",
            "",
            ""
        ],
        [
            "dorcus inzikuru",
            "3000 m steeplechase",
            "9:35.29",
            "7",
            "n/a",
            "",
            "did not advance",
            ""
        ],
        [
            "jane suuto",
            "marathon",
            "n/a",
            "",
            "",
            "",
            "2:44:46",
            "93"
        ]
    ],
    "merged_regions": [
        {
            "first_row": 3,
            "last_row": 3,
            "first_column": 6,
            "last_column": 7
        },
        {
            "first_row": 0,
            "last_row": 0,
            "first_column": 6,
            "last_column": 7
        },
        {
            "first_row": 3,
            "last_row": 3,
            "first_column": 4,
            "last_column": 5
        },
        {
            "first_row": 0,
            "last_row": 1,
            "first_column": 1,
            "last_column": 1
        },
        {
            "first_row": 0,
            "last_row": 1,
            "first_column": 0,
            "last_column": 0
        },
        {
            "first_row": 0,
            "last_row": 0,
            "first_column": 2,
            "last_column": 3
        },
        {
            "first_row": 2,
            "last_row": 2,
            "first_column": 4,
            "last_column": 7
        },
        {
            "first_row": 4,
            "last_row": 4,
            "first_column": 2,
            "last_column": 5
        },
        {
            "first_row": 0,
            "last_row": 0,
            "first_column": 4,
            "last_column": 5
        }
    ],
    "top_header_rows_num": 3,
    "left_header_columns_num": 2
}