{
    "title": "club",
    "top_root": {
        "row_index": -1,
        "column_index": -1,
        "children": [
            {
                "row_index": 0,
                "column_index": 2,
                "children": [
                    {
                        "row_index": 1,
                        "column_index": 2,
                        "children": []
                    },
                    {
                        "row_index": 1,
                        "column_index": 3,
                        "children": []
                    },
                    {
                        "row_index": 1,
                        "column_index": 4,
                        "children": []
                    }
                ]
            },
            {
                "row_index": 0,
                "column_index": 5,
                "children": [
                    {
                        "row_index": 1,
                        "column_index": 5,
                        "children": []
                    },
                    {
                        "row_index": 1,
                        "column_index": 6,
                        "children": []
                    }
                ]
            },
            {
                "row_index": 0,
                "column_index": 7,
                "children": [
                    {
                        "row_index": 1,
                        "column_index": 7,
                        "children": []
                    },
                    {
                        "row_index": 1,
                        "column_index": 8,
                        "children": []
                    }
                ]
            },
            {
                "row_index": 0,
                "column_index": 9,
                "children": [
                    {
                        "row_index": 1,
                        "column_index": 9,
                        "children": []
                    },
                    {
                        "row_index": 1,
                        "column_index": 10,
                        "children": []
                    }
                ]
            },
            {
                "row_index": 0,
                "column_index": 11,
                "children": [
                    {
                        "row_index": 1,
                        "column_index": 11,
                        "children": []
                    },
                    {
                        "row_index": 1,
                        "column_index": 12,
                        "children": []
                    }
                ]
            }
        ]
    },
    "left_root": {
        "row_index": -1,
        "column_index": -1,
        "children": [
            {
                "row_index": 2,
                "column_index": 0,
                "children": [
                    {
                        "row_index": 2,
                        "column_index": 1,
                        "children": []
                    },
                    {
                        "row_index": 3,
                        "column_index": 1,
                        "children": []
                    },
                    {
                        "row_index": 4,
                        "column_index": 1,
                        "children": []
                    }
                ]
            },
            {
                "row_index": 5,
                "column_index": 0,
                "children": [
                    {
                        "row_index": 5,
                        "column_index": 1,
                        "children": []
                    },
                    {
                        "row_index": 6,
                        "column_index": 1,
                        "children": []
                    },
                    {
                        "row_index": 7,
                        "column_index": 1,
                        "children": []
                    }
                ]
            },
            {
                "row_index": 8,
                "column_index": 0,
                "children": [
                    {
                        "row_index": 8,
                        "column_index": 1,
                        "children": []
                    }
                ]
            },
            {
                "row_index": 9,
                "column_index": 0,
                "children": [
                    {
                        "row_index": 9,
                        "column_index": 1,
                        "children": []
                    }
                ]
            },
            {
                "row_index": 10,
                "column_index": 0,
                "children": [
                    {
                        "row_index": 10,
                        "column_index": 1,
                        "children": []
                    }
                ]
            },
            {
                "row_index": 11,
                "column_index": 0,
                "children": [
                    {
                        "row_index": 11,
                        "column_index": 1,
                        "children": []
                    }
                ]
            },
            {
                "row_index": 12,
                "column_index": 0,
                "children": [
                    {
                        "row_index": 12,
                        "column_index": 1,
                        "children": []
                    }
                ]
            },
            {
                "row_index": 13,
                "column_index": 0,
                "children": [
                    {
                        "row_index": 13,
                        "column_index": 1,
                        "children": []
                    }
                ]
            },
            {
                "row_index": 14,
                "column_index": 0,
                "children": []
            }
        ]
    },
    "texts": [
        [
            "club",
            "season",
            "league",
            "",
            "",
            "national cup",
            "",
            "league cup",
            "",
            "other",
            "",
            "total",
            ""
        ],
        [
            "",
            "",
            "division",
            "apps",
            "goals",
            "apps",
            "goals",
            "apps",
            "goals",
            "apps",
            "goals",
            "apps",
            "goals"
        ],
        [
            "fc twente",
            "2012-13",
            "eredivisie",
            "6",
            "0",
            "0",
            "0",
            "-",
            "",
            "6",
            "0",
            "none",
            "none"
        ],
        [
            "",
            "2014-15",
            "",
            "1",
            "0",
            "0",
            "0",
            "-",
            "",
            "1",
            "0",
            "none",
            "none"
        ],
        [
            "",
            "fc twente total",
            "",
            "7",
            "0",
            "0",
            "0",
            "0",
            "0",
            "0",
            "0",
            "7",
            "0"
        ],
        [
            "jong fc twente",
            "2013-14",
            "eerste divisie",
            "19",
            "10",
            "0",
            "0",
            "-",
            "",
            "19",
            "10",
            "none",
            "none"
        ],
        [
            "",
            "2014-15",
            "",
            "17",
            "7",
            "0",
            "0",
            "-",
            "",
            "17",
            "7",
            "none",
            "none"
        ],
        [
            "",
            "jong fc twente total",
            "",
            "36",
            "17",
            "0",
            "0",
            "0",
            "0",
            "0",
            "0",
            "36",
            "17"
        ],
        [
            "fc dordrecht",
            "2013-14",
            "eerste divisie",
            "7",
            "0",
            "0",
            "0",
            "-",
            "",
            "7",
            "0",
            "none",
            "none"
        ],
        [
            "nac breda",
            "2014-15",
            "eredivisie",
            "9",
            "0",
            "0",
            "0",
            "-",
            "",
            "3",
            "0",
            "12",
            "0"
        ],
        [
            "fc oss",
            "2015-16",
            "eerste divisie",
            "0",
            "0",
            "1",
            "0",
            "-",
            "",
            "1",
            "0",
            "none",
            "none"
        ],
        [
            "1. fc saarbrucken",
            "2016-17",
            "regionalliga sudwest",
            "6",
            "0",
            "0",
            "0",
            "-",
            "",
            "6",
            "0",
            "none",
            "none"
        ],
        [
            "inverness caledonian thistle",
            "2017-18",
            "scottish championship",
            "2",
            "0",
            "0",
            "0",
            "3",
            "0",
            "0",
            "0",
            "5",
            "0"
        ],
        [
            "ijsselmeervogels",
            "2018-19",
            "tweede divisie",
            "4",
            "1",
            "0",
            "0",
            "-",
            "",
            "4",
            "1",
            "none",
            "none"
        ],
        [
            "career total",
            "",
            "",
            "71",
            "18",
            "1",
            "0",
            "3",
            "0",
            "3",
            "0",
            "78",
            "11"
        ]
    ],
    "merged_regions": [
        {
            "first_row": 2,
            "last_row": 3,
            "first_column": 2,
            "last_column": 2
        },
        {
            "first_row": 0,
            "last_row": 0,
            "first_column": 7,
            "last_column": 8
        },
        {
            "first_row": 11,
            "last_row": 11,
            "first_column": 7,
            "last_column": 8
        },
        {
            "first_row": 5,
            "last_row": 7,
            "first_column": 0,
            "last_column": 0
        },
        {
            "first_row": 0,
            "last_row": 0,
            "first_column": 9,
            "last_column": 10
        },
        {
            "first_row": 13,
            "last_row": 13,
            "first_column": 7,
            "last_column": 8
        },
        {
            "first_row": 14,
            "last_row": 14,
            "first_column": 0,
            "last_column": 2
        },
        {
            "first_row": 2,
            "last_row": 4,
            "first_column": 0,
            "last_column": 0
        },
        {
            "first_row": 0,
            "last_row": 1,
            "first_column": 1,
            "last_column": 1
        },
        {
            "first_row": 2,
            "last_row": 2,
            "first_column": 7,
            "last_column": 8
        },
        {
            "first_row": 5,
            "last_row": 6,
            "first_column": 2,
            "last_column": 2
        },
        {
            "first_row": 0,
            "last_row": 0,
            "first_column": 2,
            "last_column": 4
        },
        {
            "first_row": 0,
            "last_row": 1,
            "first_column": 0,
            "last_column": 0
        },
        {
            "first_row": 8,
            "last_row": 8,
            "first_column": 7,
            "last_column": 8
        },
        {
            "first_row": 6,
            "last_row": 6,
            "first_column": 7,
            "last_column": 8
        },
        {
            "first_row": 0,
            "last_row": 0,
            "first_column": 5,
            "last_column": 6
        },
        {
            "first_row": 7,
            "last_row": 7,
            "first_column": 1,
            "last_column": 2
        },
        {
            "first_row": 0,
            "last_row": 0,
            "first_column": 11,
            "last_column": 12
        },
        {
            "first_row": 3,
            "last_row": 3,
            "first_column": 7,
            "last_column": 8
        },
        {
            "first_row": 5,
            "last_row": 5,
            "first_column": 7,
            "last_column": 8
        },
        {
            "first_row": 9,
            "last_row": 9,
            "first_column": 7,
            "last_column": 8
        },
        {
            "first_row": 4,
            "last_row": 4,
            "first_column": 1,
            "last_column": 2
        },
        {
            "first_row": 10,
            "last_row": 10,
            "first_column": 7,
            "last_column": 8
        }
    ],
    "top_header_rows_num": 3,
    "left_header_columns_num": 1
}