{
    "title": "career statistics",
    "top_root": {
        "row_index": -1,
        "column_index": -1,
        "children": [
            {
                "row_index": 1,
                "column_index": 3,
                "children": []
            },
            {
                "row_index": 1,
                "column_index": 4,
                "children": []
            },
            {
                "row_index": 0,
                "column_index": 5,
                "children": [
                    {
                        "row_index": 1,
                        "column_index": 5,
                        "children": []
                    },
                    {
                        "row_index": 1,
                        "column_index": 6,
                        "children": []
                    }
                ]
            },
            {
                "row_index": 0,
                "column_index": 7,
                "children": [
                    {
                        "row_index": 1,
                        "column_index": 7,
                        "children": []
                    },
                    {
                        "row_index": 1,
                        "column_index": 8,
                        "children": []
                    }
                ]
            }
        ]
    },
    "left_root": {
        "row_index": -1,
        "column_index": -1,
        "children": [
            {
                "row_index": 2,
                "column_index": 0,
                "children": [
                    {
                        "row_index": 2,
                        "column_index": 1,
                        "children": [
                            {
                                "row_index": 2,
                                "column_index": 2,
                                "children": []
                            }
                        ]
                    }
                ]
            },
            {
                "row_index": 3,
                "column_index": 0,
                "children": []
            }
        ]
    },
    "texts": [
        [
            "club",
            "season",
            "league",
            "",
            "",
            "fa cup",
            "",
            "total",
            ""
        ],
        [
            "",
            "",
            "division",
            "apps",
            "goals",
            "apps",
            "goals",
            "apps",
            "goals"
        ],
        [
            "stoke",
            "1890-91",
            "football alliance",
            "7",
            "0",
            "0",
            "0",
            "7",
            "0"
        ],
        [
            "career total",
            "",
            "",
            "7",
            "0",
            "0",
            "0",
            "7",
            "0"
        ]
    ],
    "merged_regions": [
        {
            "first_row": 0,
            "last_row": 0,
            "first_column": 5,
            "last_column": 6
        },
        {
            "first_row": 0,
            "last_row": 0,
            "first_column": 2,
            "last_column": 4
        },
        {
            "first_row": 0,
            "last_row": 0,
            "first_column": 7,
            "last_column": 8
        },
        {
            "first_row": 0,
            "last_row": 1,
            "first_column": 1,
            "last_column": 1
        },
        {
            "first_row": 0,
            "last_row": 1,
            "first_column": 0,
            "last_column": 0
        },
        {
            "first_row": 3,
            "last_row": 3,
            "first_column": 0,
            "last_column": 2
        }
    ],
    "top_header_rows_num": 3,
    "left_header_columns_num": 1
}