{
    "title": "managerial record",
    "top_root": {
        "row_index": -1,
        "column_index": -1,
        "children": [
            {
                "row_index": 0,
                "column_index": 3,
                "children": [
                    {
                        "row_index": 1,
                        "column_index": 3,
                        "children": []
                    },
                    {
                        "row_index": 1,
                        "column_index": 4,
                        "children": []
                    },
                    {
                        "row_index": 1,
                        "column_index": 5,
                        "children": []
                    },
                    {
                        "row_index": 1,
                        "column_index": 6,
                        "children": []
                    }
                ]
            },
            {
                "row_index": 0,
                "column_index": 7,
                "children": [
                    {
                        "row_index": 1,
                        "column_index": 7,
                        "children": []
                    },
                    {
                        "row_index": 1,
                        "column_index": 8,
                        "children": []
                    },
                    {
                        "row_index": 1,
                        "column_index": 9,
                        "children": []
                    },
                    {
                        "row_index": 1,
                        "column_index": 10,
                        "children": []
                    }
                ]
            }
        ]
    },
    "left_root": {
        "row_index": -1,
        "column_index": -1,
        "children": [
            {
                "row_index": 2,
                "column_index": 0,
                "children": [
                    {
                        "row_index": 2,
                        "column_index": 1,
                        "children": [
                            {
                                "row_index": 2,
                                "column_index": 2,
                                "children": []
                            }
                        ]
                    }
                ]
            },
            {
                "row_index": 3,
                "column_index": 0,
                "children": [
                    {
                        "row_index": 3,
                        "column_index": 1,
                        "children": [
                            {
                                "row_index": 3,
                                "column_index": 2,
                                "children": []
                            }
                        ]
                    }
                ]
            },
            {
                "row_index": 4,
                "column_index": 0,
                "children": [
                    {
                        "row_index": 4,
                        "column_index": 1,
                        "children": [
                            {
                                "row_index": 4,
                                "column_index": 2,
                                "children": []
                            }
                        ]
                    }
                ]
            },
            {
                "row_index": 5,
                "column_index": 0,
                "children": [
                    {
                        "row_index": 5,
                        "column_index": 1,
                        "children": [
                            {
                                "row_index": 5,
                                "column_index": 2,
                                "children": []
                            }
                        ]
                    }
                ]
            },
            {
                "row_index": 6,
                "column_index": 0,
                "children": []
            },
            {
                "row_index": 7,
                "column_index": 0,
                "children": []
            }
        ]
    },
    "texts": [
        [
            "team",
            "from",
            "to",
            "regular season record",
            "",
            "",
            "",
            "post-season record",
            "",
            "",
            ""
        ],
        [
            "",
            "",
            "",
            "g",
            "w",
            "l",
            "win %",
            "g",
            "w",
            "l",
            "win %"
        ],
        [
            "san francisco giants",
            "1993",
            "2002",
            "1555",
            "840",
            "715",
            ".540",
            "24",
            "11",
            "13",
            ".458"
        ],
        [
            "chicago cubs",
            "2003",
            "2006",
            "648",
            "326",
            "322",
            ".503",
            "12",
            "6",
            "6",
            ".500"
        ],
        [
            "cincinnati reds",
            "2008",
            "2013",
            "972",
            "509",
            "463",
            ".524",
            "9",
            "2",
            "7",
            ".222"
        ],
        [
            "washington nationals",
            "2016",
            "2017",
            "324",
            "192",
            "132",
            ".593",
            "10",
            "4",
            "6",
            ".400"
        ],
        [
            "total",
            "",
            "",
            "3499",
            "1863",
            "1636",
            ".532",
            "55",
            "23",
            "32",
            ".418"
        ],
        [
            "ref.:",
            "",
            "",
            "",
            "",
            "",
            "",
            "",
            "",
            "",
            ""
        ]
    ],
    "merged_regions": [
        {
            "first_row": 0,
            "last_row": 0,
            "first_column": 7,
            "last_column": 10
        },
        {
            "first_row": 7,
            "last_row": 7,
            "first_column": 0,
            "last_column": 10
        },
        {
            "first_row": 0,
            "last_row": 1,
            "first_column": 1,
            "last_column": 1
        },
        {
            "first_row": 0,
            "last_row": 1,
            "first_column": 0,
            "last_column": 0
        },
        {
            "first_row": 0,
            "last_row": 1,
            "first_column": 2,
            "last_column": 2
        },
        {
            "first_row": 0,
            "last_row": 0,
            "first_column": 3,
            "last_column": 6
        },
        {
            "first_row": 6,
            "last_row": 6,
            "first_column": 0,
            "last_column": 2
        }
    ],
    "top_header_rows_num": 3,
    "left_header_columns_num": 1
}