{
    "title": "appearances and goals",
    "top_root": {
        "row_index": -1,
        "column_index": -1,
        "children": [
            {
                "row_index": 0,
                "column_index": 4,
                "children": [
                    {
                        "row_index": 1,
                        "column_index": 4,
                        "children": []
                    },
                    {
                        "row_index": 1,
                        "column_index": 5,
                        "children": []
                    }
                ]
            },
            {
                "row_index": 0,
                "column_index": 6,
                "children": [
                    {
                        "row_index": 1,
                        "column_index": 6,
                        "children": []
                    },
                    {
                        "row_index": 1,
                        "column_index": 7,
                        "children": []
                    }
                ]
            },
            {
                "row_index": 0,
                "column_index": 8,
                "children": [
                    {
                        "row_index": 1,
                        "column_index": 8,
                        "children": []
                    },
                    {
                        "row_index": 1,
                        "column_index": 9,
                        "children": []
                    }
                ]
            },
            {
                "row_index": 0,
                "column_index": 10,
                "children": [
                    {
                        "row_index": 1,
                        "column_index": 10,
                        "children": []
                    },
                    {
                        "row_index": 1,
                        "column_index": 11,
                        "children": []
                    }
                ]
            },
            {
                "row_index": 0,
                "column_index": 12,
                "children": [
                    {
                        "row_index": 1,
                        "column_index": 12,
                        "children": []
                    },
                    {
                        "row_index": 1,
                        "column_index": 13,
                        "children": []
                    }
                ]
            }
        ]
    },
    "left_root": {
        "row_index": -1,
        "column_index": -1,
        "children": [
            {
                "row_index": 2,
                "column_index": 0,
                "children": [
                    {
                        "row_index": 2,
                        "column_index": 1,
                        "children": [
                            {
                                "row_index": 2,
                                "column_index": 2,
                                "children": [
                                    {
                                        "row_index": 2,
                                        "column_index": 3,
                                        "children": []
                                    }
                                ]
                            }
                        ]
                    }
                ]
            },
            {
                "row_index": 3,
                "column_index": 0,
                "children": [
                    {
                        "row_index": 3,
                        "column_index": 1,
                        "children": [
                            {
                                "row_index": 3,
                                "column_index": 2,
                                "children": [
                                    {
                                        "row_index": 3,
                                        "column_index": 3,
                                        "children": []
                                    }
                                ]
                            }
                        ]
                    }
                ]
            },
            {
                "row_index": 4,
                "column_index": 0,
                "children": [
                    {
                        "row_index": 4,
                        "column_index": 1,
                        "children": [
                            {
                                "row_index": 4,
                                "column_index": 2,
                                "children": [
                                    {
                                        "row_index": 4,
                                        "column_index": 3,
                                        "children": []
                                    }
                                ]
                            }
                        ]
                    }
                ]
            },
            {
                "row_index": 5,
                "column_index": 0,
                "children": [
                    {
                        "row_index": 5,
                        "column_index": 1,
                        "children": [
                            {
                                "row_index": 5,
                                "column_index": 2,
                                "children": [
                                    {
                                        "row_index": 5,
                                        "column_index": 3,
                                        "children": []
                                    }
                                ]
                            }
                        ]
                    }
                ]
            },
            {
                "row_index": 6,
                "column_index": 0,
                "children": [
                    {
                        "row_index": 6,
                        "column_index": 1,
                        "children": [
                            {
                                "row_index": 6,
                                "column_index": 2,
                                "children": [
                                    {
                                        "row_index": 6,
                                        "column_index": 3,
                                        "children": []
                                    }
                                ]
                            }
                        ]
                    }
                ]
            },
            {
                "row_index": 7,
                "column_index": 0,
                "children": [
                    {
                        "row_index": 7,
                        "column_index": 1,
                        "children": [
                            {
                                "row_index": 7,
                                "column_index": 2,
                                "children": [
                                    {
                                        "row_index": 7,
                                        "column_index": 3,
                                        "children": []
                                    }
                                ]
                            }
                        ]
                    }
                ]
            },
            {
                "row_index": 8,
                "column_index": 0,
                "children": [
                    {
                        "row_index": 8,
                        "column_index": 1,
                        "children": [
                            {
                                "row_index": 8,
                                "column_index": 2,
                                "children": [
                                    {
                                        "row_index": 8,
                                        "column_index": 3,
                                        "children": []
                                    }
                                ]
                            }
                        ]
                    }
                ]
            },
            {
                "row_index": 9,
                "column_index": 0,
                "children": [
                    {
                        "row_index": 9,
                        "column_index": 1,
                        "children": [
                            {
                                "row_index": 9,
                                "column_index": 2,
                                "children": [
                                    {
                                        "row_index": 9,
                                        "column_index": 3,
                                        "children": []
                                    }
                                ]
                            }
                        ]
                    }
                ]
            },
            {
                "row_index": 10,
                "column_index": 0,
                "children": [
                    {
                        "row_index": 10,
                        "column_index": 1,
                        "children": [
                            {
                                "row_index": 10,
                                "column_index": 2,
                                "children": [
                                    {
                                        "row_index": 10,
                                        "column_index": 3,
                                        "children": []
                                    }
                                ]
                            }
                        ]
                    }
                ]
            },
            {
                "row_index": 11,
                "column_index": 0,
                "children": [
                    {
                        "row_index": 11,
                        "column_index": 1,
                        "children": [
                            {
                                "row_index": 11,
                                "column_index": 2,
                                "children": [
                                    {
                                        "row_index": 11,
                                        "column_index": 3,
                                        "children": []
                                    }
                                ]
                            }
                        ]
                    }
                ]
            },
            {
                "row_index": 12,
                "column_index": 0,
                "children": [
                    {
                        "row_index": 12,
                        "column_index": 1,
                        "children": [
                            {
                                "row_index": 12,
                                "column_index": 2,
                                "children": [
                                    {
                                        "row_index": 12,
                                        "column_index": 3,
                                        "children": []
                                    }
                                ]
                            }
                        ]
                    }
                ]
            },
            {
                "row_index": 13,
                "column_index": 0,
                "children": [
                    {
                        "row_index": 13,
                        "column_index": 1,
                        "children": [
                            {
                                "row_index": 13,
                                "column_index": 2,
                                "children": [
                                    {
                                        "row_index": 13,
                                        "column_index": 3,
                                        "children": []
                                    }
                                ]
                            }
                        ]
                    }
                ]
            },
            {
                "row_index": 14,
                "column_index": 0,
                "children": [
                    {
                        "row_index": 14,
                        "column_index": 1,
                        "children": [
                            {
                                "row_index": 14,
                                "column_index": 2,
                                "children": [
                                    {
                                        "row_index": 14,
                                        "column_index": 3,
                                        "children": []
                                    }
                                ]
                            }
                        ]
                    }
                ]
            },
            {
                "row_index": 15,
                "column_index": 0,
                "children": [
                    {
                        "row_index": 15,
                        "column_index": 1,
                        "children": [
                            {
                                "row_index": 15,
                                "column_index": 2,
                                "children": [
                                    {
                                        "row_index": 15,
                                        "column_index": 3,
                                        "children": []
                                    }
                                ]
                            }
                        ]
                    }
                ]
            },
            {
                "row_index": 16,
                "column_index": 0,
                "children": [
                    {
                        "row_index": 16,
                        "column_index": 1,
                        "children": [
                            {
                                "row_index": 16,
                                "column_index": 2,
                                "children": [
                                    {
                                        "row_index": 16,
                                        "column_index": 3,
                                        "children": []
                                    }
                                ]
                            }
                        ]
                    }
                ]
            },
            {
                "row_index": 17,
                "column_index": 0,
                "children": [
                    {
                        "row_index": 17,
                        "column_index": 1,
                        "children": [
                            {
                                "row_index": 17,
                                "column_index": 2,
                                "children": [
                                    {
                                        "row_index": 17,
                                        "column_index": 3,
                                        "children": []
                                    }
                                ]
                            }
                        ]
                    }
                ]
            },
            {
                "row_index": 18,
                "column_index": 0,
                "children": [
                    {
                        "row_index": 18,
                        "column_index": 1,
                        "children": [
                            {
                                "row_index": 18,
                                "column_index": 2,
                                "children": [
                                    {
                                        "row_index": 18,
                                        "column_index": 3,
                                        "children": []
                                    }
                                ]
                            }
                        ]
                    }
                ]
            },
            {
                "row_index": 19,
                "column_index": 0,
                "children": [
                    {
                        "row_index": 19,
                        "column_index": 1,
                        "children": [
                            {
                                "row_index": 19,
                                "column_index": 2,
                                "children": [
                                    {
                                        "row_index": 19,
                                        "column_index": 3,
                                        "children": []
                                    }
                                ]
                            }
                        ]
                    }
                ]
            },
            {
                "row_index": 20,
                "column_index": 0,
                "children": [
                    {
                        "row_index": 20,
                        "column_index": 1,
                        "children": [
                            {
                                "row_index": 20,
                                "column_index": 2,
                                "children": [
                                    {
                                        "row_index": 20,
                                        "column_index": 3,
                                        "children": []
                                    }
                                ]
                            }
                        ]
                    }
                ]
            },
            {
                "row_index": 21,
                "column_index": 0,
                "children": [
                    {
                        "row_index": 21,
                        "column_index": 1,
                        "children": [
                            {
                                "row_index": 21,
                                "column_index": 2,
                                "children": [
                                    {
                                        "row_index": 21,
                                        "column_index": 3,
                                        "children": []
                                    }
                                ]
                            }
                        ]
                    }
                ]
            },
            {
                "row_index": 22,
                "column_index": 0,
                "children": [
                    {
                        "row_index": 22,
                        "column_index": 1,
                        "children": [
                            {
                                "row_index": 22,
                                "column_index": 2,
                                "children": [
                                    {
                                        "row_index": 22,
                                        "column_index": 3,
                                        "children": []
                                    }
                                ]
                            }
                        ]
                    }
                ]
            },
            {
                "row_index": 23,
                "column_index": 0,
                "children": [
                    {
                        "row_index": 23,
                        "column_index": 1,
                        "children": [
                            {
                                "row_index": 23,
                                "column_index": 2,
                                "children": [
                                    {
                                        "row_index": 23,
                                        "column_index": 3,
                                        "children": []
                                    }
                                ]
                            }
                        ]
                    }
                ]
            },
            {
                "row_index": 24,
                "column_index": 0,
                "children": [
                    {
                        "row_index": 24,
                        "column_index": 1,
                        "children": [
                            {
                                "row_index": 24,
                                "column_index": 2,
                                "children": [
                                    {
                                        "row_index": 24,
                                        "column_index": 3,
                                        "children": []
                                    }
                                ]
                            }
                        ]
                    }
                ]
            },
            {
                "row_index": 25,
                "column_index": 0,
                "children": [
                    {
                        "row_index": 25,
                        "column_index": 1,
                        "children": [
                            {
                                "row_index": 25,
                                "column_index": 2,
                                "children": [
                                    {
                                        "row_index": 25,
                                        "column_index": 3,
                                        "children": []
                                    }
                                ]
                            }
                        ]
                    }
                ]
            },
            {
                "row_index": 26,
                "column_index": 0,
                "children": [
                    {
                        "row_index": 26,
                        "column_index": 1,
                        "children": [
                            {
                                "row_index": 26,
                                "column_index": 2,
                                "children": [
                                    {
                                        "row_index": 26,
                                        "column_index": 3,
                                        "children": []
                                    }
                                ]
                            }
                        ]
                    }
                ]
            },
            {
                "row_index": 27,
                "column_index": 0,
                "children": [
                    {
                        "row_index": 27,
                        "column_index": 1,
                        "children": [
                            {
                                "row_index": 27,
                                "column_index": 2,
                                "children": [
                                    {
                                        "row_index": 27,
                                        "column_index": 3,
                                        "children": []
                                    }
                                ]
                            }
                        ]
                    }
                ]
            },
            {
                "row_index": 28,
                "column_index": 0,
                "children": [
                    {
                        "row_index": 28,
                        "column_index": 1,
                        "children": [
                            {
                                "row_index": 28,
                                "column_index": 2,
                                "children": [
                                    {
                                        "row_index": 28,
                                        "column_index": 3,
                                        "children": []
                                    }
                                ]
                            }
                        ]
                    }
                ]
            }
        ]
    },
    "texts": [
        [
            "no",
            "pos",
            "nat",
            "player",
            "total",
            "",
            "ligue 1",
            "",
            "coupe de la ligue",
            "",
            "coupe de france",
            "",
            "uefa cup",
            ""
        ],
        [
            "",
            "",
            "",
            "",
            "apps",
            "goals",
            "apps",
            "goals",
            "apps",
            "goals",
            "apps",
            "goals",
            "apps",
            "goals"
        ],
        [
            "1",
            "gk",
            "france",
            "mickael landreau",
            "53",
            "0",
            "38",
            "0",
            "3",
            "0",
            "2",
            "0",
            "10",
            "0"
        ],
        [
            "30",
            "gk",
            "armenia",
            "apoula edel",
            "4",
            "0",
            "0",
            "0",
            "1",
            "0",
            "1",
            "0",
            "2",
            "0"
        ],
        [
            "2",
            "df",
            "brazil",
            "ceara",
            "52",
            "0",
            "37",
            "0",
            "3",
            "0",
            "3",
            "0",
            "9",
            "0"
        ],
        [
            "3",
            "df",
            "france",
            "mamadou sakho",
            "33",
            "1",
            "23",
            "1",
            "3",
            "0",
            "1",
            "0",
            "6",
            "0"
        ],
        [
            "6",
            "df",
            "france",
            "gregory bourillon",
            "18",
            "0",
            "8",
            "0",
            "3",
            "0",
            "1",
            "0",
            "6",
            "0"
        ],
        [
            "13",
            "df",
            "mali",
            "sammy traore",
            "33",
            "3",
            "19",
            "1",
            "1",
            "0",
            "3",
            "2",
            "10",
            "0"
        ],
        [
            "15",
            "df",
            "france",
            "zoumana camara",
            "52",
            "0",
            "36",
            "0",
            "4",
            "0",
            "3",
            "0",
            "9",
            "0"
        ],
        [
            "17",
            "df",
            "democratic republic of the congo",
            "larrys mabiala",
            "7",
            "1",
            "2",
            "1",
            "1",
            "0",
            "0",
            "0",
            "4",
            "0"
        ],
        [
            "22",
            "df",
            "france",
            "sylvain armand",
            "53",
            "0",
            "35",
            "0",
            "4",
            "0",
            "3",
            "0",
            "11",
            "0"
        ],
        [
            "4",
            "mf",
            "france",
            "claude makelele",
            "40",
            "0",
            "34",
            "0",
            "0",
            "0",
            "1",
            "0",
            "5",
            "0"
        ],
        [
            "10",
            "mf",
            "benin",
            "stephane sessegnon",
            "49",
            "7",
            "34",
            "5",
            "4",
            "0",
            "2",
            "1",
            "9",
            "1"
        ],
        [
            "20",
            "mf",
            "france",
            "clement chantome",
            "36",
            "1",
            "21",
            "0",
            "3",
            "0",
            "2",
            "0",
            "10",
            "1"
        ],
        [
            "23",
            "mf",
            "france",
            "jeremy clement",
            "51",
            "2",
            "35",
            "1",
            "4",
            "1",
            "3",
            "0",
            "9",
            "0"
        ],
        [
            "24",
            "mf",
            "france",
            "tripy makonda",
            "8",
            "0",
            "4",
            "0",
            "0",
            "0",
            "1",
            "0",
            "3",
            "0"
        ],
        [
            "25",
            "mf",
            "france",
            "jerome rothen",
            "49",
            "4",
            "34",
            "3",
            "3",
            "0",
            "2",
            "0",
            "10",
            "1"
        ],
        [
            "26",
            "mf",
            "france",
            "granddi ngoyi",
            "1",
            "0",
            "0",
            "0",
            "0",
            "0",
            "0",
            "0",
            "1",
            "0"
        ],
        [
            "27",
            "mf",
            "france",
            "younousse sankhare",
            "8",
            "0",
            "2",
            "0",
            "2",
            "0",
            "0",
            "0",
            "4",
            "0"
        ],
        [
            "29",
            "mf",
            "democratic republic of the congo",
            "youssouf mulumbu",
            "3",
            "0",
            "0",
            "0",
            "1",
            "0",
            "0",
            "0",
            "2",
            "0"
        ],
        [
            "7",
            "fw",
            "france",
            "ludovic giuly",
            "42",
            "9",
            "34",
            "9",
            "1",
            "0",
            "3",
            "0",
            "4",
            "0"
        ],
        [
            "8",
            "fw",
            "france",
            "peguy luyindula",
            "51",
            "13",
            "34",
            "5",
            "4",
            "2",
            "1",
            "0",
            "12",
            "6"
        ],
        [
            "9",
            "fw",
            "france",
            "guillaume hoarau",
            "47",
            "20",
            "33",
            "17",
            "2",
            "0",
            "3",
            "0",
            "9",
            "3"
        ],
        [
            "12",
            "fw",
            "france",
            "fabrice pancrate",
            "37",
            "2",
            "22",
            "1",
            "4",
            "1",
            "2",
            "0",
            "9",
            "0"
        ],
        [
            "14",
            "fw",
            "serbia",
            "mateja kezman",
            "35",
            "8",
            "21",
            "3",
            "4",
            "0",
            "2",
            "2",
            "8",
            "3"
        ],
        [
            "18",
            "fw",
            "france",
            "loris arnaud",
            "3",
            "1",
            "1",
            "1",
            "0",
            "0",
            "0",
            "0",
            "2",
            "0"
        ],
        [
            "21",
            "fw",
            "haiti",
            "jean-eudes maurice",
            "1",
            "0",
            "0",
            "0",
            "0",
            "0",
            "0",
            "0",
            "1",
            "0"
        ],
        [
            "28",
            "fw",
            "france",
            "maxime partouche",
            "2",
            "0",
            "1",
            "0",
            "0",
            "0",
            "0",
            "0",
            "1",
            "0"
        ],
        [
            "29",
            "fw",
            "france",
            "yannick boli",
            "1",
            "0",
            "1",
            "0",
            "0",
            "0",
            "0",
            "0",
            "0",
            "0"
        ]
    ],
    "merged_regions": [
        {
            "first_row": 0,
            "last_row": 0,
            "first_column": 12,
            "last_column": 13
        },
        {
            "first_row": 0,
            "last_row": 0,
            "first_column": 6,
            "last_column": 7
        },
        {
            "first_row": 0,
            "last_row": 0,
            "first_column": 10,
            "last_column": 11
        },
        {
            "first_row": 0,
            "last_row": 1,
            "first_column": 1,
            "last_column": 1
        },
        {
            "first_row": 0,
            "last_row": 0,
            "first_column": 8,
            "last_column": 9
        },
        {
            "first_row": 0,
            "last_row": 1,
            "first_column": 0,
            "last_column": 0
        },
        {
            "first_row": 0,
            "last_row": 1,
            "first_column": 3,
            "last_column": 3
        },
        {
            "first_row": 0,
            "last_row": 1,
            "first_column": 2,
            "last_column": 2
        },
        {
            "first_row": 0,
            "last_row": 0,
            "first_column": 4,
            "last_column": 5
        }
    ],
    "top_header_rows_num": 3,
    "left_header_columns_num": 4
}