{
    "title": "gdp of sport industries at basic prices, 2010 to 2014",
    "top_root": {
        "row_index": -1,
        "column_index": -1,
        "children": [
            {
                "row_index": 0,
                "column_index": 1,
                "children": [
                    {
                        "row_index": 1,
                        "column_index": 1,
                        "children": []
                    }
                ]
            },
            {
                "row_index": 0,
                "column_index": 2,
                "children": []
            },
            {
                "row_index": 0,
                "column_index": 3,
                "children": []
            },
            {
                "row_index": 0,
                "column_index": 4,
                "children": []
            },
            {
                "row_index": 0,
                "column_index": 5,
                "children": []
            },
            {
                "row_index": 0,
                "column_index": 6,
                "children": [
                    {
                        "row_index": 1,
                        "column_index": 6,
                        "children": []
                    }
                ]
            },
            {
                "row_index": 0,
                "column_index": 7,
                "children": []
            },
            {
                "row_index": 0,
                "column_index": 8,
                "children": []
            },
            {
                "row_index": 0,
                "column_index": 9,
                "children": []
            }
        ]
    },
    "left_root": {
        "row_index": -1,
        "column_index": -1,
        "children": [
            {
                "row_index": 2,
                "column_index": 0,
                "children": []
            },
            {
                "row_index": 3,
                "column_index": 0,
                "children": []
            },
            {
                "row_index": 4,
                "column_index": 0,
                "children": []
            },
            {
                "row_index": 5,
                "column_index": 0,
                "children": []
            },
            {
                "row_index": 6,
                "column_index": 0,
                "children": []
            },
            {
                "row_index": 7,
                "column_index": 0,
                "children": []
            },
            {
                "row_index": 8,
                "column_index": 0,
                "children": []
            },
            {
                "row_index": 9,
                "column_index": 0,
                "children": []
            },
            {
                "row_index": 10,
                "column_index": 0,
                "children": []
            },
            {
                "row_index": 11,
                "column_index": 0,
                "children": []
            },
            {
                "row_index": 12,
                "column_index": 0,
                "children": []
            },
            {
                "row_index": 13,
                "column_index": 0,
                "children": []
            },
            {
                "row_index": 14,
                "column_index": 0,
                "children": []
            },
            {
                "row_index": 15,
                "column_index": 0,
                "children": []
            }
        ]
    },
    "texts": [
        [
            "",
            "2010",
            "2011",
            "2012",
            "2013",
            "2014",
            "2011",
            "2012",
            "2013",
            "2014"
        ],
        [
            "",
            "millions of dollars",
            "",
            "",
            "",
            "",
            "percentage change",
            "",
            "",
            ""
        ],
        [
            "canada",
            "5,243.8",
            "5,481.7",
            "5,629.9",
            "5,907.4",
            "6,061.4",
            "4.5",
            "2.7",
            "4.9",
            "2.6"
        ],
        [
            "newfoundland and labrador",
            "56.1",
            "58.4",
            "61.2",
            "62.0",
            "62.5",
            "4.1",
            "4.8",
            "1.3",
            "0.8"
        ],
        [
            "prince edward island",
            "26.4",
            "27.2",
            "26.6",
            "26.8",
            "26.9",
            "3.0",
            "-2.2",
            "0.8",
            "0.4"
        ],
        [
            "nova scotia",
            "105.8",
            "110.1",
            "112.8",
            "113.2",
            "113.3",
            "4.1",
            "2.5",
            "0.4",
            "0.1"
        ],
        [
            "new brunswick",
            "94.3",
            "98.8",
            "99.5",
            "98.3",
            "97.5",
            "4.7",
            "0.7",
            "-1.2",
            "-0.8"
        ],
        [
            "quebec",
            "787.3",
            "831.1",
            "852.8",
            "906.0",
            "927.9",
            "5.6",
            "2.6",
            "6.2",
            "2.4"
        ],
        [
            "ontario",
            "2,319.5",
            "2,435.7",
            "2,501.3",
            "2,622.8",
            "2,688.0",
            "5.0",
            "2.7",
            "4.9",
            "2.5"
        ],
        [
            "manitoba",
            "132.9",
            "146.5",
            "153.3",
            "162.9",
            "166.9",
            "10.2",
            "4.6",
            "6.3",
            "2.5"
        ],
        [
            "saskatchewan",
            "160.6",
            "170.6",
            "181.7",
            "191.1",
            "197.5",
            "6.2",
            "6.5",
            "5.2",
            "3.3"
        ],
        [
            "alberta",
            "599.4",
            "655.9",
            "696.6",
            "745.8",
            "780.2",
            "9.4",
            "6.2",
            "7.1",
            "4.6"
        ],
        [
            "british columbia",
            "941.9",
            "926.8",
            "922.6",
            "956.5",
            "978.8",
            "-1.6",
            "-0.5",
            "3.7",
            "2.3"
        ],
        [
            "yukon",
            "6.2",
            "6.3",
            "6.2",
            "6.5",
            "6.6",
            "1.6",
            "-1.6",
            "4.8",
            "1.5"
        ],
        [
            "northwest territories",
            "7.7",
            "8.1",
            "8.6",
            "8.7",
            "8.4",
            "5.2",
            "6.2",
            "1.2",
            "-3.4"
        ],
        [
            "nunavut",
            "5.6",
            "6.2",
            "6.6",
            "6.8",
            "6.8",
            "10.7",
            "6.5",
            "3.0",
            "0.0"
        ]
    ],
    "merged_regions": [
        {
            "first_row": 1,
            "last_row": 1,
            "first_column": 1,
            "last_column": 5
        },
        {
            "first_row": 1,
            "last_row": 1,
            "first_column": 6,
            "last_column": 9
        },
        {
            "first_row": 0,
            "last_row": 1,
            "first_column": 0,
            "last_column": 0
        }
    ],
    "top_header_rows_num": 3,
    "left_header_columns_num": 1
}